-- MySQL dump 10.13  Distrib 5.7.29, for Linux (x86_64)
--
-- Host: localhost    Database: CSE_surveys_db
-- ------------------------------------------------------
-- Server version	5.7.29-0ubuntu0.18.04.1

/*!40101 SET @OLD_CHARACTER_SET_CLIENT=@@CHARACTER_SET_CLIENT */;
/*!40101 SET @OLD_CHARACTER_SET_RESULTS=@@CHARACTER_SET_RESULTS */;
/*!40101 SET @OLD_COLLATION_CONNECTION=@@COLLATION_CONNECTION */;
/*!40101 SET NAMES utf8 */;
/*!40103 SET @OLD_TIME_ZONE=@@TIME_ZONE */;
/*!40103 SET TIME_ZONE='+00:00' */;
/*!40014 SET @OLD_UNIQUE_CHECKS=@@UNIQUE_CHECKS, UNIQUE_CHECKS=0 */;
/*!40014 SET @OLD_FOREIGN_KEY_CHECKS=@@FOREIGN_KEY_CHECKS, FOREIGN_KEY_CHECKS=0 */;
/*!40101 SET @OLD_SQL_MODE=@@SQL_MODE, SQL_MODE='NO_AUTO_VALUE_ON_ZERO' */;
/*!40111 SET @OLD_SQL_NOTES=@@SQL_NOTES, SQL_NOTES=0 */;

--
-- Table structure for table `auth_group`
--

DROP TABLE IF EXISTS `auth_group`;
/*!40101 SET @saved_cs_client     = @@character_set_client */;
/*!40101 SET character_set_client = utf8 */;
CREATE TABLE `auth_group` (
  `id` int(11) NOT NULL AUTO_INCREMENT,
  `name` varchar(150) NOT NULL,
  PRIMARY KEY (`id`),
  UNIQUE KEY `name` (`name`)
) ENGINE=InnoDB DEFAULT CHARSET=latin1;
/*!40101 SET character_set_client = @saved_cs_client */;

--
-- Dumping data for table `auth_group`
--

LOCK TABLES `auth_group` WRITE;
/*!40000 ALTER TABLE `auth_group` DISABLE KEYS */;
/*!40000 ALTER TABLE `auth_group` ENABLE KEYS */;
UNLOCK TABLES;

--
-- Table structure for table `auth_group_permissions`
--

DROP TABLE IF EXISTS `auth_group_permissions`;
/*!40101 SET @saved_cs_client     = @@character_set_client */;
/*!40101 SET character_set_client = utf8 */;
CREATE TABLE `auth_group_permissions` (
  `id` int(11) NOT NULL AUTO_INCREMENT,
  `group_id` int(11) NOT NULL,
  `permission_id` int(11) NOT NULL,
  PRIMARY KEY (`id`),
  UNIQUE KEY `auth_group_permissions_group_id_permission_id_0cd325b0_uniq` (`group_id`,`permission_id`),
  KEY `auth_group_permissio_permission_id_84c5c92e_fk_auth_perm` (`permission_id`),
  CONSTRAINT `auth_group_permissio_permission_id_84c5c92e_fk_auth_perm` FOREIGN KEY (`permission_id`) REFERENCES `auth_permission` (`id`),
  CONSTRAINT `auth_group_permissions_group_id_b120cbf9_fk_auth_group_id` FOREIGN KEY (`group_id`) REFERENCES `auth_group` (`id`)
) ENGINE=InnoDB DEFAULT CHARSET=latin1;
/*!40101 SET character_set_client = @saved_cs_client */;

--
-- Dumping data for table `auth_group_permissions`
--

LOCK TABLES `auth_group_permissions` WRITE;
/*!40000 ALTER TABLE `auth_group_permissions` DISABLE KEYS */;
/*!40000 ALTER TABLE `auth_group_permissions` ENABLE KEYS */;
UNLOCK TABLES;

--
-- Table structure for table `auth_permission`
--

DROP TABLE IF EXISTS `auth_permission`;
/*!40101 SET @saved_cs_client     = @@character_set_client */;
/*!40101 SET character_set_client = utf8 */;
CREATE TABLE `auth_permission` (
  `id` int(11) NOT NULL AUTO_INCREMENT,
  `name` varchar(255) NOT NULL,
  `content_type_id` int(11) NOT NULL,
  `codename` varchar(100) NOT NULL,
  PRIMARY KEY (`id`),
  UNIQUE KEY `auth_permission_content_type_id_codename_01ab375a_uniq` (`content_type_id`,`codename`),
  CONSTRAINT `auth_permission_content_type_id_2f476e4b_fk_django_co` FOREIGN KEY (`content_type_id`) REFERENCES `django_content_type` (`id`)
) ENGINE=InnoDB AUTO_INCREMENT=69 DEFAULT CHARSET=latin1;
/*!40101 SET character_set_client = @saved_cs_client */;

--
-- Dumping data for table `auth_permission`
--

LOCK TABLES `auth_permission` WRITE;
/*!40000 ALTER TABLE `auth_permission` DISABLE KEYS */;
INSERT INTO `auth_permission` VALUES (1,'Can add log entry',1,'add_logentry'),(2,'Can change log entry',1,'change_logentry'),(3,'Can delete log entry',1,'delete_logentry'),(4,'Can view log entry',1,'view_logentry'),(5,'Can add permission',2,'add_permission'),(6,'Can change permission',2,'change_permission'),(7,'Can delete permission',2,'delete_permission'),(8,'Can view permission',2,'view_permission'),(9,'Can add group',3,'add_group'),(10,'Can change group',3,'change_group'),(11,'Can delete group',3,'delete_group'),(12,'Can view group',3,'view_group'),(13,'Can add user',4,'add_user'),(14,'Can change user',4,'change_user'),(15,'Can delete user',4,'delete_user'),(16,'Can view user',4,'view_user'),(17,'Can add content type',5,'add_contenttype'),(18,'Can change content type',5,'change_contenttype'),(19,'Can delete content type',5,'delete_contenttype'),(20,'Can view content type',5,'view_contenttype'),(21,'Can add session',6,'add_session'),(22,'Can change session',6,'change_session'),(23,'Can delete session',6,'delete_session'),(24,'Can view session',6,'view_session'),(25,'Can add Risposta',7,'add_answer'),(26,'Can change Risposta',7,'change_answer'),(27,'Can delete Risposta',7,'delete_answer'),(28,'Can view Risposta',7,'view_answer'),(29,'Can add Caregiver',8,'add_caregiver'),(30,'Can change Caregiver',8,'change_caregiver'),(31,'Can delete Caregiver',8,'delete_caregiver'),(32,'Can view Caregiver',8,'view_caregiver'),(33,'Can add Paziente',9,'add_patient'),(34,'Can change Paziente',9,'change_patient'),(35,'Can delete Paziente',9,'delete_patient'),(36,'Can view Paziente',9,'view_patient'),(37,'Can add Tipo di Domanda',10,'add_questiontype'),(38,'Can change Tipo di Domanda',10,'change_questiontype'),(39,'Can delete Tipo di Domanda',10,'delete_questiontype'),(40,'Can view Tipo di Domanda',10,'view_questiontype'),(41,'Can add Questionario',11,'add_survey'),(42,'Can change Questionario',11,'change_survey'),(43,'Can delete Questionario',11,'delete_survey'),(44,'Can view Questionario',11,'view_survey'),(45,'Can add Domanda',12,'add_question'),(46,'Can change Domanda',12,'change_question'),(47,'Can delete Domanda',12,'delete_question'),(48,'Can view Domanda',12,'view_question'),(49,'Can add Riposta Paziente',13,'add_patient_survey_question_answer'),(50,'Can change Riposta Paziente',13,'change_patient_survey_question_answer'),(51,'Can delete Riposta Paziente',13,'delete_patient_survey_question_answer'),(52,'Can view Riposta Paziente',13,'view_patient_survey_question_answer'),(53,'Can add Riposta Caregiver',14,'add_caregiver_survey_question_answer'),(54,'Can change Riposta Caregiver',14,'change_caregiver_survey_question_answer'),(55,'Can delete Riposta Caregiver',14,'delete_caregiver_survey_question_answer'),(56,'Can view Riposta Caregiver',14,'view_caregiver_survey_question_answer'),(57,'Can add Type Of Transplant',15,'add_transplanttype'),(58,'Can change Type Of Transplant',15,'change_transplanttype'),(59,'Can delete Type Of Transplant',15,'delete_transplanttype'),(60,'Can view Type Of Transplant',15,'view_transplanttype'),(61,'Can add Type Of Gender',16,'add_gendertype'),(62,'Can change Type Of Gender',16,'change_gendertype'),(63,'Can delete Type Of Gender',16,'delete_gendertype'),(64,'Can view Type Of Gender',16,'view_gendertype'),(65,'Can add Type Of Diagnosis',17,'add_diagnosistype'),(66,'Can change Type Of Diagnosis',17,'change_diagnosistype'),(67,'Can delete Type Of Diagnosis',17,'delete_diagnosistype'),(68,'Can view Type Of Diagnosis',17,'view_diagnosistype');
/*!40000 ALTER TABLE `auth_permission` ENABLE KEYS */;
UNLOCK TABLES;

--
-- Table structure for table `auth_user`
--

DROP TABLE IF EXISTS `auth_user`;
/*!40101 SET @saved_cs_client     = @@character_set_client */;
/*!40101 SET character_set_client = utf8 */;
CREATE TABLE `auth_user` (
  `id` int(11) NOT NULL AUTO_INCREMENT,
  `password` varchar(128) NOT NULL,
  `last_login` datetime(6) DEFAULT NULL,
  `is_superuser` tinyint(1) NOT NULL,
  `username` varchar(150) NOT NULL,
  `first_name` varchar(30) NOT NULL,
  `last_name` varchar(150) NOT NULL,
  `email` varchar(254) NOT NULL,
  `is_staff` tinyint(1) NOT NULL,
  `is_active` tinyint(1) NOT NULL,
  `date_joined` datetime(6) NOT NULL,
  PRIMARY KEY (`id`),
  UNIQUE KEY `username` (`username`)
) ENGINE=InnoDB AUTO_INCREMENT=4 DEFAULT CHARSET=latin1;
/*!40101 SET character_set_client = @saved_cs_client */;

--
-- Dumping data for table `auth_user`
--

LOCK TABLES `auth_user` WRITE;
/*!40000 ALTER TABLE `auth_user` DISABLE KEYS */;
INSERT INTO `auth_user` VALUES (1,'pbkdf2_sha256$180000$9atQvYUiPvhe$tOdosE1O/15MJ/3xX9FUEoBcK6a86V2e53i41h85un8=','2020-02-13 17:11:54.055395',1,'samu','','','sam@gmail.com',1,1,'2020-02-13 17:11:33.592678'),(2,'pbkdf2_sha256$180000$2cHjtXqJt22m$oiacA32LEcPCDI9HZKIX9GhzfZjEOoEx3afumeIKLO4=','2020-02-18 14:09:05.171046',1,'joy','','','',1,1,'2020-02-16 18:31:17.004844'),(3,'pbkdf2_sha256$180000$F0hpLW5rbJmY$zaBXJ8jWhxZ1pd2hk36GrN4NaVMsq+DF3D26ifjDaxo=','2020-02-25 22:08:15.547972',1,'admin','','','',1,1,'2020-02-19 07:09:28.153428');
/*!40000 ALTER TABLE `auth_user` ENABLE KEYS */;
UNLOCK TABLES;

--
-- Table structure for table `auth_user_groups`
--

DROP TABLE IF EXISTS `auth_user_groups`;
/*!40101 SET @saved_cs_client     = @@character_set_client */;
/*!40101 SET character_set_client = utf8 */;
CREATE TABLE `auth_user_groups` (
  `id` int(11) NOT NULL AUTO_INCREMENT,
  `user_id` int(11) NOT NULL,
  `group_id` int(11) NOT NULL,
  PRIMARY KEY (`id`),
  UNIQUE KEY `auth_user_groups_user_id_group_id_94350c0c_uniq` (`user_id`,`group_id`),
  KEY `auth_user_groups_group_id_97559544_fk_auth_group_id` (`group_id`),
  CONSTRAINT `auth_user_groups_group_id_97559544_fk_auth_group_id` FOREIGN KEY (`group_id`) REFERENCES `auth_group` (`id`),
  CONSTRAINT `auth_user_groups_user_id_6a12ed8b_fk_auth_user_id` FOREIGN KEY (`user_id`) REFERENCES `auth_user` (`id`)
) ENGINE=InnoDB DEFAULT CHARSET=latin1;
/*!40101 SET character_set_client = @saved_cs_client */;

--
-- Dumping data for table `auth_user_groups`
--

LOCK TABLES `auth_user_groups` WRITE;
/*!40000 ALTER TABLE `auth_user_groups` DISABLE KEYS */;
/*!40000 ALTER TABLE `auth_user_groups` ENABLE KEYS */;
UNLOCK TABLES;

--
-- Table structure for table `auth_user_user_permissions`
--

DROP TABLE IF EXISTS `auth_user_user_permissions`;
/*!40101 SET @saved_cs_client     = @@character_set_client */;
/*!40101 SET character_set_client = utf8 */;
CREATE TABLE `auth_user_user_permissions` (
  `id` int(11) NOT NULL AUTO_INCREMENT,
  `user_id` int(11) NOT NULL,
  `permission_id` int(11) NOT NULL,
  PRIMARY KEY (`id`),
  UNIQUE KEY `auth_user_user_permissions_user_id_permission_id_14a6b632_uniq` (`user_id`,`permission_id`),
  KEY `auth_user_user_permi_permission_id_1fbb5f2c_fk_auth_perm` (`permission_id`),
  CONSTRAINT `auth_user_user_permi_permission_id_1fbb5f2c_fk_auth_perm` FOREIGN KEY (`permission_id`) REFERENCES `auth_permission` (`id`),
  CONSTRAINT `auth_user_user_permissions_user_id_a95ead1b_fk_auth_user_id` FOREIGN KEY (`user_id`) REFERENCES `auth_user` (`id`)
) ENGINE=InnoDB DEFAULT CHARSET=latin1;
/*!40101 SET character_set_client = @saved_cs_client */;

--
-- Dumping data for table `auth_user_user_permissions`
--

LOCK TABLES `auth_user_user_permissions` WRITE;
/*!40000 ALTER TABLE `auth_user_user_permissions` DISABLE KEYS */;
/*!40000 ALTER TABLE `auth_user_user_permissions` ENABLE KEYS */;
UNLOCK TABLES;

--
-- Table structure for table `django_admin_log`
--

DROP TABLE IF EXISTS `django_admin_log`;
/*!40101 SET @saved_cs_client     = @@character_set_client */;
/*!40101 SET character_set_client = utf8 */;
CREATE TABLE `django_admin_log` (
  `id` int(11) NOT NULL AUTO_INCREMENT,
  `action_time` datetime(6) NOT NULL,
  `object_id` longtext,
  `object_repr` varchar(200) NOT NULL,
  `action_flag` smallint(5) unsigned NOT NULL,
  `change_message` longtext NOT NULL,
  `content_type_id` int(11) DEFAULT NULL,
  `user_id` int(11) NOT NULL,
  PRIMARY KEY (`id`),
  KEY `django_admin_log_content_type_id_c4bce8eb_fk_django_co` (`content_type_id`),
  KEY `django_admin_log_user_id_c564eba6_fk_auth_user_id` (`user_id`),
  CONSTRAINT `django_admin_log_content_type_id_c4bce8eb_fk_django_co` FOREIGN KEY (`content_type_id`) REFERENCES `django_content_type` (`id`),
  CONSTRAINT `django_admin_log_user_id_c564eba6_fk_auth_user_id` FOREIGN KEY (`user_id`) REFERENCES `auth_user` (`id`)
) ENGINE=InnoDB AUTO_INCREMENT=717 DEFAULT CHARSET=latin1;
/*!40101 SET character_set_client = @saved_cs_client */;

--
-- Dumping data for table `django_admin_log`
--

LOCK TABLES `django_admin_log` WRITE;
/*!40000 ALTER TABLE `django_admin_log` DISABLE KEYS */;
INSERT INTO `django_admin_log` VALUES (1,'2020-02-13 17:46:44.996602','SF-36 (V1) STANDARD','SF-36 (V1) STANDARD',1,'[{\"added\": {}}]',11,1),(2,'2020-02-13 17:50:11.018221','Scelta singola [1,5]','Scelta singola [1,5]',1,'[{\"added\": {}}]',10,1),(3,'2020-02-13 17:50:34.957339','1','In generale, direbbe che la Sua salute è:',1,'[{\"added\": {}}]',12,1),(4,'2020-02-13 17:55:06.650660','1','Eccellente',1,'[{\"added\": {}}]',7,1),(5,'2020-02-13 17:55:17.587632','2','Molto buona',1,'[{\"added\": {}}]',7,1),(6,'2020-02-13 17:55:28.328665','3','Buona',1,'[{\"added\": {}}]',7,1),(7,'2020-02-13 17:55:39.855868','4','Passabile',1,'[{\"added\": {}}]',7,1),(8,'2020-02-13 17:56:10.535879','5','Scadente',1,'[{\"added\": {}}]',7,1),(9,'2020-02-13 19:58:49.889179','2','Rispetto ad un anno fa, come giudicherebbe, ora, la Sua salute in generale?',1,'[{\"added\": {}}]',12,1),(10,'2020-02-13 20:01:02.144267','6','Decisamente migliore adesso rispetto ad un anno fa',1,'[{\"added\": {}}]',7,1),(11,'2020-02-13 20:01:17.660371','7','Un po’ migliore adesso rispetto ad un anno fa',1,'[{\"added\": {}}]',7,1),(12,'2020-02-13 20:01:34.787335','8','Più o meno uguale rispetto ad un anno fa',1,'[{\"added\": {}}]',7,1),(13,'2020-02-13 20:02:14.429060','9','Un po’ peggiore adesso rispetto ad un anno fa',1,'[{\"added\": {}}]',7,1),(14,'2020-02-13 20:02:28.800677','10','Decisamente peggiore adesso rispetto ad un anno fa',1,'[{\"added\": {}}]',7,1),(15,'2020-02-14 09:09:04.608541','Instructions in compound question','Instructions in compound question',1,'[{\"added\": {}}]',10,1),(16,'2020-02-14 09:09:37.812162','3','3 - Le seguenti domande riguardano alcune attività che potrebbe svolgere nel corso di una qualsiasi giornata. La Sua salute La limita attualmente nello svolgimento di queste attività?',1,'[{\"added\": {}}]',12,1),(17,'2020-02-14 09:10:16.149041','3','3 - Le seguenti domande riguardano alcune attività che potrebbe svolgere nel corso di una qualsiasi giornata. La Sua salute La limita attualmente nello svolgimento di queste attività? (Indichi per ogn',2,'[{\"changed\": {\"fields\": [\"Content\"]}}]',12,1),(18,'2020-02-14 09:10:50.801205','2','2 - Rispetto ad un anno fa, come giudicherebbe, ora, la Sua salute in generale? (Indichi un numero)',2,'[{\"changed\": {\"fields\": [\"Content\"]}}]',12,1),(19,'2020-02-14 09:10:59.290484','1','1 - In generale, direbbe che la Sua salute è: (Indichi un numero)',2,'[{\"changed\": {\"fields\": [\"Content\"]}}]',12,1),(20,'2020-02-14 09:19:00.842250','Single Choice [1,5]','Single Choice [1,5]',2,'[{\"changed\": {\"fields\": [\"Value\"]}}]',10,1),(22,'2020-02-14 09:40:36.531718','Scelta singola [1,5]','Scelta singola [1,5]',3,'',10,1),(23,'2020-02-14 09:44:48.271356','Single Choice [1,3]','Single Choice [1,3]',1,'[{\"added\": {}}]',10,1),(24,'2020-02-14 09:45:09.202546','4','3 - Attività fisicamente impegnative, come correre, sollevare oggetti pesanti, praticare sport faticosi',1,'[{\"added\": {}}]',12,1),(25,'2020-02-14 09:45:41.626409','5','3 - Attività di moderato impegno fisico, come spostare un tavolo, usare l’aspirapolvere, giocare a bocce o fare un giretto in bicicletta',1,'[{\"added\": {}}]',12,1),(26,'2020-02-14 09:46:06.458075','6','3 - Sollevare o portare le borse della spesa',1,'[{\"added\": {}}]',12,1),(27,'2020-02-14 09:46:25.220429','7','3 - Salire qualche piano di scale',1,'[{\"added\": {}}]',12,1),(28,'2020-02-14 09:46:42.765839','8','3 - Salire un piano di scale',1,'[{\"added\": {}}]',12,1),(29,'2020-02-14 09:47:04.054344','9','3 - Piegarsi, inginocchiarsi o chinarsi',1,'[{\"added\": {}}]',12,1),(30,'2020-02-14 09:47:17.691490','10','3 - Camminare per un chilometro',1,'[{\"added\": {}}]',12,1),(31,'2020-02-14 09:47:53.075079','10','3 - Camminare per un chilometro',2,'[]',12,1),(32,'2020-02-14 09:48:04.796520','11','3 - Camminare per qualche centinaia di metri',1,'[{\"added\": {}}]',12,1),(33,'2020-02-14 09:48:23.441842','12','3 - Camminare per circa cento metri',1,'[{\"added\": {}}]',12,1),(34,'2020-02-14 09:48:44.375762','13','3 - Fare il bagno o vestirsi da soli',1,'[{\"added\": {}}]',12,1),(35,'2020-02-14 09:50:12.266524','14','4 - Nelle ultime 4 settimane, ha riscontrato i seguenti problemi sul lavoro o nelle altre attività quotidiane, a causa della Sua salute fisica? Risponda SI o NO a ciascuna domanda (Indichi per ogni do',1,'[{\"added\": {}}]',12,1),(36,'2020-02-14 09:51:26.516376','Single Choice [1,2] (Si,No)','Single Choice [1,2] (Si,No)',1,'[{\"added\": {}}]',10,1),(37,'2020-02-14 09:52:24.748025','15','4 - Ha ridotto il tempo dedicato al lavoro o ad altre attività',1,'[{\"added\": {}}]',12,1),(38,'2020-02-14 09:52:43.516486','16','4 - Ha reso meno di quanto avrebbe voluto',1,'[{\"added\": {}}]',12,1),(39,'2020-02-14 09:53:01.522022','17','4 - Ha dovuto limitare alcuni tipi di lavoro o di altre attività',1,'[{\"added\": {}}]',12,1),(40,'2020-02-14 09:53:18.878471','18','4 - Ha avuto difficoltà nell’eseguire il lavoro o altre attività (ad esempio, ha fatto più fatica)',1,'[{\"added\": {}}]',12,1),(41,'2020-02-14 09:53:45.792393','19','5 - Nelle ultime 4 settimane, ha riscontrato i seguenti problemi sul lavoro o nelle altre attività, a causa del Suo stato emotivo (quale il sentirsi depresso o ansioso)? Risponda SI o NO a ciascuna do',1,'[{\"added\": {}}]',12,1),(42,'2020-02-14 09:54:06.806162','20','5 - Ha ridotto il tempo dedicato al lavoro o ad altre attività',1,'[{\"added\": {}}]',12,1),(43,'2020-02-14 09:54:20.225526','21','5 - Ha reso meno di quanto avrebbe voluto',1,'[{\"added\": {}}]',12,1),(44,'2020-02-14 09:54:38.041684','22','5 - Ha avuto un calo di concentrazione sul lavoro o in altre attività',1,'[{\"added\": {}}]',12,1),(45,'2020-02-14 09:55:10.962142','23','6 - Nelle ultime 4 settimane, in che misura la Sua salute fisica o il Suoi stato emotivo hanno interferito con le normali attività sociali con la famiglia, gli amici, i vicini di casa, i gruppi di cui',1,'[{\"added\": {}}]',12,1),(46,'2020-02-14 09:55:47.241906','Scelta singola [1,6]','Scelta singola [1,6]',1,'[{\"added\": {}}]',10,1),(47,'2020-02-14 09:55:53.897809','24','7 - Quanto dolore fisico ha provato nelle ultime 4 settimane? (Indichi un numero)',1,'[{\"added\": {}}]',12,1),(48,'2020-02-14 09:56:18.846854','25','8 - Nelle ultime 4 settimane, in che misura il dolore L’ha ostacolata nel lavoro che svolge abitualmente (sia in casa sia fuori casa)?  (Indichi un numero)',1,'[{\"added\": {}}]',12,1),(49,'2020-02-14 09:58:19.907907','26','9 - Le seguenti domande si riferiscono a come si è sentito nelle ultime 4 settimane. Risponda a ciascuna domanda scegliendo la risposta che più si avvicina al Suo caso. Per quanto tempo nelle ultime 4',1,'[{\"added\": {}}]',12,1),(50,'2020-02-14 09:58:41.634014','27','9 - vivace brillante?',1,'[{\"added\": {}}]',12,1),(51,'2020-02-14 09:58:59.502744','28','9 - molto agitato?',1,'[{\"added\": {}}]',12,1),(52,'2020-02-14 09:59:16.479038','29','9 - così giù di morale che niente avrebbe potuto tirarLa su?',1,'[{\"added\": {}}]',12,1),(53,'2020-02-14 09:59:33.480005','30','9 - calmo e sereno?',1,'[{\"added\": {}}]',12,1),(54,'2020-02-14 09:59:48.882154','31','9 - pieno di energia?',1,'[{\"added\": {}}]',12,1),(55,'2020-02-14 10:00:06.721938','32','9 - scoraggiato e triste?',1,'[{\"added\": {}}]',12,1),(56,'2020-02-14 10:00:21.989600','33','9 - sfinito?',1,'[{\"added\": {}}]',12,1),(57,'2020-02-14 10:00:39.401343','34','9 - felice?',1,'[{\"added\": {}}]',12,1),(58,'2020-02-14 10:00:57.043620','35','9 - stanco?',1,'[{\"added\": {}}]',12,1),(59,'2020-02-14 10:01:26.398034','36','10 - Nelle ultime 4 settimane, per quanto tempo la Sua salute fisica o il Suo stato emotivo hanno interferito nelle Sue attività sociali, in famiglia, con gli amici? (Indichi un numero)',1,'[{\"added\": {}}]',12,1),(60,'2020-02-14 10:01:56.177985','37','11 - Scelga la risposta che meglio descrive quanto siano VERE o FALSE le seguenti affermazioni. (Indichi un numero per ogni affermazione)',1,'[{\"added\": {}}]',12,1),(61,'2020-02-14 10:02:23.616602','38','11 - Mi pare di ammalarmi un po’ più facilmente degli altri',1,'[{\"added\": {}}]',12,1),(62,'2020-02-14 10:02:47.224785','39','11 - La mia salute è come quella degli altri',1,'[{\"added\": {}}]',12,1),(63,'2020-02-14 10:03:01.375350','40','11 - Mi aspetto che la mia salute andrà peggiorando',1,'[{\"added\": {}}]',12,1),(64,'2020-02-14 10:03:25.856026','41','11 - Godo di ottima salute',1,'[{\"added\": {}}]',12,1),(65,'2020-02-14 10:06:43.104288','11','1',1,'[{\"added\": {}}]',7,1),(66,'2020-02-14 10:07:01.733671','12','2',1,'[{\"added\": {}}]',7,1),(67,'2020-02-14 10:07:09.772140','13','3',1,'[{\"added\": {}}]',7,1),(68,'2020-02-14 10:13:41.507033','11','1',3,'',7,1),(69,'2020-02-14 10:13:41.520483','12','2',3,'',7,1),(70,'2020-02-14 10:13:41.529321','13','3',3,'',7,1),(71,'2020-02-14 10:17:10.793582','14','1',1,'[{\"added\": {}}]',7,1),(72,'2020-02-14 10:17:18.358628','15','2',1,'[{\"added\": {}}]',7,1),(73,'2020-02-14 10:17:24.890943','16','3',1,'[{\"added\": {}}]',7,1),(74,'2020-02-14 10:17:37.022937','17','1',1,'[{\"added\": {}}]',7,1),(75,'2020-02-14 10:17:47.056782','18','2',1,'[{\"added\": {}}]',7,1),(76,'2020-02-14 10:17:55.005906','19','3',1,'[{\"added\": {}}]',7,1),(77,'2020-02-14 10:18:06.327306','20','1',1,'[{\"added\": {}}]',7,1),(78,'2020-02-14 10:18:19.896866','21','2',1,'[{\"added\": {}}]',7,1),(79,'2020-02-14 10:18:25.616718','22','3',1,'[{\"added\": {}}]',7,1),(80,'2020-02-14 10:18:30.512793','23','1',1,'[{\"added\": {}}]',7,1),(81,'2020-02-14 10:18:35.817084','24','2',1,'[{\"added\": {}}]',7,1),(82,'2020-02-14 10:18:40.797335','25','3',1,'[{\"added\": {}}]',7,1),(83,'2020-02-14 10:18:45.437643','26','1',1,'[{\"added\": {}}]',7,1),(84,'2020-02-14 10:18:51.281313','27','2',1,'[{\"added\": {}}]',7,1),(85,'2020-02-14 10:18:56.496125','28','3',1,'[{\"added\": {}}]',7,1),(86,'2020-02-14 10:19:00.827571','29','1',1,'[{\"added\": {}}]',7,1),(87,'2020-02-14 10:19:05.596264','30','2',1,'[{\"added\": {}}]',7,1),(88,'2020-02-14 10:19:11.249949','31','3',1,'[{\"added\": {}}]',7,1),(89,'2020-02-14 10:19:15.597940','32','1',1,'[{\"added\": {}}]',7,1),(90,'2020-02-14 10:19:20.153768','33','2',1,'[{\"added\": {}}]',7,1),(91,'2020-02-14 10:19:28.369396','34','3',1,'[{\"added\": {}}]',7,1),(92,'2020-02-14 10:19:32.682492','35','1',1,'[{\"added\": {}}]',7,1),(93,'2020-02-14 10:19:37.726028','36','2',1,'[{\"added\": {}}]',7,1),(94,'2020-02-14 10:19:42.767198','37','3',1,'[{\"added\": {}}]',7,1),(95,'2020-02-14 10:19:48.498577','38','1',1,'[{\"added\": {}}]',7,1),(96,'2020-02-14 10:19:52.894640','39','2',1,'[{\"added\": {}}]',7,1),(97,'2020-02-14 10:19:58.934061','40','3',1,'[{\"added\": {}}]',7,1),(98,'2020-02-14 10:20:07.882743','41','1',1,'[{\"added\": {}}]',7,1),(99,'2020-02-14 10:20:12.688758','42','2',1,'[{\"added\": {}}]',7,1),(100,'2020-02-14 10:20:17.838741','43','3',1,'[{\"added\": {}}]',7,1),(101,'2020-02-14 10:25:49.179269','44','1',1,'[{\"added\": {}}]',7,1),(102,'2020-02-14 10:25:57.266942','45','2',1,'[{\"added\": {}}]',7,1),(103,'2020-02-14 10:26:07.909920','46','1',1,'[{\"added\": {}}]',7,1),(104,'2020-02-14 10:26:14.086945','47','2',1,'[{\"added\": {}}]',7,1),(105,'2020-02-14 10:26:19.289636','48','1',1,'[{\"added\": {}}]',7,1),(106,'2020-02-14 10:26:25.244095','49','2',1,'[{\"added\": {}}]',7,1),(107,'2020-02-14 10:26:32.571907','50','1',1,'[{\"added\": {}}]',7,1),(108,'2020-02-14 10:26:38.484370','51','2',1,'[{\"added\": {}}]',7,1),(109,'2020-02-14 10:26:53.820339','52','1',1,'[{\"added\": {}}]',7,1),(110,'2020-02-14 10:27:05.482012','53','2',1,'[{\"added\": {}}]',7,1),(111,'2020-02-14 10:27:13.146964','54','1',1,'[{\"added\": {}}]',7,1),(112,'2020-02-14 10:27:22.924560','55','2',1,'[{\"added\": {}}]',7,1),(113,'2020-02-14 10:27:32.548241','56','1',1,'[{\"added\": {}}]',7,1),(114,'2020-02-14 10:27:38.465799','57','2',1,'[{\"added\": {}}]',7,1),(115,'2020-02-14 10:28:16.493172','58','1',1,'[{\"added\": {}}]',7,1),(116,'2020-02-14 10:28:26.594332','59','2',1,'[{\"added\": {}}]',7,1),(117,'2020-02-14 10:28:34.870520','60','3',1,'[{\"added\": {}}]',7,1),(118,'2020-02-14 10:28:41.575781','61','4',1,'[{\"added\": {}}]',7,1),(119,'2020-02-14 10:28:49.557512','62','5',1,'[{\"added\": {}}]',7,1),(120,'2020-02-14 10:29:01.671474','63','6',1,'[{\"added\": {}}]',7,1),(121,'2020-02-14 10:29:11.830975','64','1',1,'[{\"added\": {}}]',7,1),(122,'2020-02-14 10:29:23.659806','65','2',1,'[{\"added\": {}}]',7,1),(123,'2020-02-14 10:29:36.363138','66','3',1,'[{\"added\": {}}]',7,1),(124,'2020-02-14 10:29:53.456174','67','4',1,'[{\"added\": {}}]',7,1),(125,'2020-02-14 10:30:00.969884','68','5',1,'[{\"added\": {}}]',7,1),(126,'2020-02-14 10:30:07.927696','69','6',1,'[{\"added\": {}}]',7,1),(127,'2020-02-14 10:30:15.974594','70','1',1,'[{\"added\": {}}]',7,1),(128,'2020-02-14 10:30:21.821378','71','2',1,'[{\"added\": {}}]',7,1),(129,'2020-02-14 10:30:28.297077','72','3',1,'[{\"added\": {}}]',7,1),(130,'2020-02-14 10:30:36.656495','73','4',1,'[{\"added\": {}}]',7,1),(131,'2020-02-14 10:30:43.340959','74','5',1,'[{\"added\": {}}]',7,1),(132,'2020-02-14 10:30:57.283225','75','6',1,'[{\"added\": {}}]',7,1),(133,'2020-02-14 10:31:10.930320','76','1',1,'[{\"added\": {}}]',7,1),(134,'2020-02-14 10:31:17.493624','77','2',1,'[{\"added\": {}}]',7,1),(135,'2020-02-14 10:31:24.338966','78','3',1,'[{\"added\": {}}]',7,1),(136,'2020-02-14 10:31:31.936656','79','4',1,'[{\"added\": {}}]',7,1),(137,'2020-02-14 10:31:40.929404','80','5',1,'[{\"added\": {}}]',7,1),(138,'2020-02-14 10:31:48.471505','81','6',1,'[{\"added\": {}}]',7,1),(139,'2020-02-14 10:31:54.935035','82','1',1,'[{\"added\": {}}]',7,1),(140,'2020-02-14 10:32:04.228309','83','2',1,'[{\"added\": {}}]',7,1),(141,'2020-02-14 10:32:12.314719','84','3',1,'[{\"added\": {}}]',7,1),(142,'2020-02-14 10:32:18.366240','85','4',1,'[{\"added\": {}}]',7,1),(143,'2020-02-14 10:32:24.378613','86','5',1,'[{\"added\": {}}]',7,1),(144,'2020-02-14 10:32:29.852425','87','6',1,'[{\"added\": {}}]',7,1),(145,'2020-02-14 10:32:37.142984','88','1',1,'[{\"added\": {}}]',7,1),(146,'2020-02-14 10:32:46.564113','89','2',1,'[{\"added\": {}}]',7,1),(147,'2020-02-14 10:32:52.195533','90','3',1,'[{\"added\": {}}]',7,1),(148,'2020-02-14 10:33:02.532129','91','4',1,'[{\"added\": {}}]',7,1),(149,'2020-02-14 10:33:08.564877','92','5',1,'[{\"added\": {}}]',7,1),(150,'2020-02-14 10:33:15.520605','93','6',1,'[{\"added\": {}}]',7,1),(151,'2020-02-14 10:33:22.065035','94','1',1,'[{\"added\": {}}]',7,1),(152,'2020-02-14 10:33:28.162167','95','2',1,'[{\"added\": {}}]',7,1),(153,'2020-02-14 10:33:35.646006','96','3',1,'[{\"added\": {}}]',7,1),(154,'2020-02-14 10:33:43.361856','97','4',1,'[{\"added\": {}}]',7,1),(155,'2020-02-14 10:33:51.849452','98','5',1,'[{\"added\": {}}]',7,1),(156,'2020-02-14 10:33:58.710755','99','6',1,'[{\"added\": {}}]',7,1),(157,'2020-02-14 10:34:06.252885','100','1',1,'[{\"added\": {}}]',7,1),(158,'2020-02-14 10:34:15.421136','101','2',1,'[{\"added\": {}}]',7,1),(159,'2020-02-14 10:34:22.912238','102','3',1,'[{\"added\": {}}]',7,1),(160,'2020-02-14 10:34:30.928539','103','4',1,'[{\"added\": {}}]',7,1),(161,'2020-02-14 10:34:36.390114','104','5',1,'[{\"added\": {}}]',7,1),(162,'2020-02-14 10:34:42.917246','105','6',1,'[{\"added\": {}}]',7,1),(163,'2020-02-14 10:34:49.664184','106','1',1,'[{\"added\": {}}]',7,1),(164,'2020-02-14 10:34:55.463519','107','2',1,'[{\"added\": {}}]',7,1),(165,'2020-02-14 10:35:02.518665','108','3',1,'[{\"added\": {}}]',7,1),(166,'2020-02-14 10:35:09.171232','109','4',1,'[{\"added\": {}}]',7,1),(167,'2020-02-14 10:35:14.860792','110','5',1,'[{\"added\": {}}]',7,1),(168,'2020-02-14 10:35:23.919093','111','6',1,'[{\"added\": {}}]',7,1),(169,'2020-02-14 10:37:42.603167','112','Per Nulla',1,'[{\"added\": {}}]',7,1),(170,'2020-02-14 10:37:55.843665','113','Leggermente',1,'[{\"added\": {}}]',7,1),(171,'2020-02-14 10:38:08.130170','114','Un pò',1,'[{\"added\": {}}]',7,1),(172,'2020-02-14 10:38:24.401392','115','Molto',1,'[{\"added\": {}}]',7,1),(173,'2020-02-14 10:38:39.385670','116','Moltissimo',1,'[{\"added\": {}}]',7,1),(174,'2020-02-14 10:38:51.545521','117','Nessuno',1,'[{\"added\": {}}]',7,1),(175,'2020-02-14 10:39:04.427738','118','Molto Lieve',1,'[{\"added\": {}}]',7,1),(176,'2020-02-14 10:39:14.506812','119','Lieve',1,'[{\"added\": {}}]',7,1),(177,'2020-02-14 10:39:25.684277','120','Moderato',1,'[{\"added\": {}}]',7,1),(178,'2020-02-14 10:39:36.044839','121','Forte',1,'[{\"added\": {}}]',7,1),(179,'2020-02-14 10:39:49.087101','122','Molto forte',1,'[{\"added\": {}}]',7,1),(180,'2020-02-14 10:40:02.932041','123','Per Nulla',1,'[{\"added\": {}}]',7,1),(181,'2020-02-14 10:40:16.232584','124','Molto poco',1,'[{\"added\": {}}]',7,1),(182,'2020-02-14 10:40:28.687829','125','Un pò',1,'[{\"added\": {}}]',7,1),(183,'2020-02-14 10:40:42.530470','126','Molto',1,'[{\"added\": {}}]',7,1),(184,'2020-02-14 10:40:56.136219','127','Moltissimo',1,'[{\"added\": {}}]',7,1),(185,'2020-02-14 10:41:10.610004','128','Sempre',1,'[{\"added\": {}}]',7,1),(186,'2020-02-14 10:41:27.321268','129','Quasi Sempre',1,'[{\"added\": {}}]',7,1),(187,'2020-02-14 10:41:44.241412','130','Molto tempo',1,'[{\"added\": {}}]',7,1),(188,'2020-02-14 10:42:05.412132','131','Una parte del tempo',1,'[{\"added\": {}}]',7,1),(189,'2020-02-14 10:42:29.503605','132','Quasi mai',1,'[{\"added\": {}}]',7,1),(190,'2020-02-14 10:42:41.422809','133','Mai',1,'[{\"added\": {}}]',7,1),(191,'2020-02-14 10:42:53.531555','134','Sempre',1,'[{\"added\": {}}]',7,1),(192,'2020-02-14 10:43:07.880340','135','Quasi sempre',1,'[{\"added\": {}}]',7,1),(193,'2020-02-14 10:43:26.829224','136','Molto tempo',1,'[{\"added\": {}}]',7,1),(194,'2020-02-14 10:43:40.132261','137','Una parte del tempo',1,'[{\"added\": {}}]',7,1),(195,'2020-02-14 10:43:58.076845','138','Quasi mai',1,'[{\"added\": {}}]',7,1),(196,'2020-02-14 10:44:08.597362','139','Mai',1,'[{\"added\": {}}]',7,1),(197,'2020-02-14 10:46:14.776394','128','Sempre',3,'',7,1),(198,'2020-02-14 10:46:14.789502','129','Quasi Sempre',3,'',7,1),(199,'2020-02-14 10:46:14.800150','130','Molto tempo',3,'',7,1),(200,'2020-02-14 10:46:14.811942','131','Una parte del tempo',3,'',7,1),(201,'2020-02-14 10:46:14.820213','132','Quasi mai',3,'',7,1),(202,'2020-02-14 10:46:14.832127','133','Mai',3,'',7,1),(203,'2020-02-14 10:46:14.847180','134','Sempre',3,'',7,1),(204,'2020-02-14 10:46:14.858322','135','Quasi sempre',3,'',7,1),(205,'2020-02-14 10:46:14.872317','136','Molto tempo',3,'',7,1),(206,'2020-02-14 10:46:14.888325','137','Una parte del tempo',3,'',7,1),(207,'2020-02-14 10:46:14.900884','138','Quasi mai',3,'',7,1),(208,'2020-02-14 10:46:14.915527','139','Mai',3,'',7,1),(209,'2020-02-14 10:46:41.764522','140','Sempre',1,'[{\"added\": {}}]',7,1),(210,'2020-02-14 10:46:55.050451','141','Quasi sempre',1,'[{\"added\": {}}]',7,1),(211,'2020-02-14 10:47:06.979697','142','Una parte del tempo',1,'[{\"added\": {}}]',7,1),(212,'2020-02-14 10:47:16.810574','143','Quasi mai',1,'[{\"added\": {}}]',7,1),(213,'2020-02-14 10:47:28.119361','144','Mai',1,'[{\"added\": {}}]',7,1),(214,'2020-02-14 10:47:47.532522','145','Certamente vero',1,'[{\"added\": {}}]',7,1),(215,'2020-02-14 10:48:04.041302','146','In gran parte vero',1,'[{\"added\": {}}]',7,1),(216,'2020-02-14 10:48:15.340168','147','Non so',1,'[{\"added\": {}}]',7,1),(217,'2020-02-14 10:48:37.894518','148','In gran parte falso',1,'[{\"added\": {}}]',7,1),(218,'2020-02-14 10:48:52.731016','149','Certamente falso',1,'[{\"added\": {}}]',7,1),(219,'2020-02-14 10:49:03.430868','150','Certamente vero',1,'[{\"added\": {}}]',7,1),(220,'2020-02-14 10:49:14.923967','151','In gran parte vero',1,'[{\"added\": {}}]',7,1),(221,'2020-02-14 10:49:26.118207','152','Non so',1,'[{\"added\": {}}]',7,1),(222,'2020-02-14 10:49:35.857459','153','In gran parte falso',1,'[{\"added\": {}}]',7,1),(223,'2020-02-14 10:49:45.658711','154','Certamente falso',1,'[{\"added\": {}}]',7,1),(224,'2020-02-14 10:49:55.413988','155','Certamente vero',1,'[{\"added\": {}}]',7,1),(225,'2020-02-14 10:50:09.459113','156','In gran parte vero',1,'[{\"added\": {}}]',7,1),(226,'2020-02-14 10:50:21.533403','157','Non so',1,'[{\"added\": {}}]',7,1),(227,'2020-02-14 10:50:32.413453','158','In gran parte falso',1,'[{\"added\": {}}]',7,1),(228,'2020-02-14 10:50:45.297947','159','Certamente falso',1,'[{\"added\": {}}]',7,1),(229,'2020-02-14 10:50:55.317579','160','Certamente vero',1,'[{\"added\": {}}]',7,1),(230,'2020-02-14 10:51:08.395404','161','In gran parte vero',1,'[{\"added\": {}}]',7,1),(231,'2020-02-14 10:51:18.816165','162','Non so',1,'[{\"added\": {}}]',7,1),(232,'2020-02-14 10:51:39.580699','163','In gran parte falso',1,'[{\"added\": {}}]',7,1),(233,'2020-02-14 10:51:51.776394','164','Certamente falso',1,'[{\"added\": {}}]',7,1),(234,'2020-02-14 11:07:31.903968','102','3',2,'[{\"changed\": {\"fields\": [\"Question\", \"Value\"]}}]',7,1),(235,'2020-02-14 13:05:15.483638','MUD','MUD',1,'[{\"added\": {}}]',15,1),(236,'2020-02-14 13:05:20.795212','MRD','MRD',1,'[{\"added\": {}}]',15,1),(237,'2020-02-14 13:05:27.365931','HAPLO','HAPLO',1,'[{\"added\": {}}]',15,1),(238,'2020-02-14 13:06:25.424879','1','Samuele Leone',1,'[{\"added\": {}}]',9,1),(239,'2020-02-14 13:07:29.897999','1','Roberto Leone',1,'[{\"added\": {}}]',8,1),(240,'2020-02-19 07:11:27.033932','1','Luigi Rossi',2,'[{\"changed\": {\"fields\": [\"Name\", \"Surname\"]}}]',9,3),(241,'2020-02-19 07:11:50.250244','1','Luigi Rossi',2,'[]',9,3),(242,'2020-02-19 07:12:30.147841','1','Roberto Bianchi',2,'[{\"changed\": {\"fields\": [\"Surname\"]}}]',8,3),(243,'2020-02-21 10:54:30.935114','2','N° 2 - Roberto Maggio',1,'[{\"added\": {}}]',9,3),(244,'2020-02-27 20:13:42.038451','3','N° 3 - Giacomo Allegri',1,'[{\"added\": {}}]',9,3),(245,'2020-02-27 20:14:00.665624','4','N° 4 - Stefania Riva',1,'[{\"added\": {}}]',9,3),(246,'2020-02-27 20:14:31.805573','5','N° 5 - Monica Geller',1,'[{\"added\": {}}]',9,3),(247,'2020-02-27 20:14:54.390580','6','N° 6 - Chandler Bing',1,'[{\"added\": {}}]',9,3),(248,'2020-03-02 20:35:15.695329','643','Data: 2020-03-02 \n Paziente: N° 3 - Giacomo Allegri \n Questionario: SF-36 (V1) STANDARD\nDomanda: 2 - Rispetto ad un anno fa, come giudicherebbe, ora, la Sua salute in generale? (Indichi un numero)\nRis',3,'',13,3),(249,'2020-03-02 20:35:15.712395','642','Data: 2020-03-02 \n Paziente: N° 3 - Giacomo Allegri \n Questionario: SF-36 (V1) STANDARD\nDomanda: 1 - In generale, direbbe che la Sua salute è: (Indichi un numero)\nRisposta: Eccellente',3,'',13,3),(250,'2020-03-02 20:46:02.346168','3','3 - Le seguenti domande riguardano alcune attività che potrebbe svolgere nel corso di una qualsiasi giornata. La Sua salute La limita attualmente nello svolgimento di queste attività? (Indichi per ogn',2,'[{\"changed\": {\"fields\": [\"Type\"]}}]',12,3),(251,'2020-03-02 20:46:14.329356','14','4 - Nelle ultime 4 settimane, ha riscontrato i seguenti problemi sul lavoro o nelle altre attività quotidiane, a causa della Sua salute fisica? Risponda SI o NO a ciascuna domanda (Indichi per ogni do',2,'[{\"changed\": {\"fields\": [\"Type\"]}}]',12,3),(252,'2020-03-02 20:46:40.125475','19','5 - Nelle ultime 4 settimane, ha riscontrato i seguenti problemi sul lavoro o nelle altre attività, a causa del Suo stato emotivo (quale il sentirsi depresso o ansioso)? Risponda SI o NO a ciascuna do',2,'[{\"changed\": {\"fields\": [\"Type\"]}}]',12,3),(253,'2020-03-02 20:47:32.913941','26','9 - Le seguenti domande si riferiscono a come si è sentito nelle ultime 4 settimane. Risponda a ciascuna domanda scegliendo la risposta che più si avvicina al Suo caso. Per quanto tempo nelle ultime 4',2,'[{\"changed\": {\"fields\": [\"Type\"]}}]',12,3),(254,'2020-03-02 20:47:50.238451','37','11 - Scelga la risposta che meglio descrive quanto siano VERE o FALSE le seguenti affermazioni. (Indichi un numero per ogni affermazione)',2,'[{\"changed\": {\"fields\": [\"Type\"]}}]',12,3),(255,'2020-03-02 20:49:56.849628','Psychological Distress Inventory - PDI Versione Maschile','Psychological Distress Inventory - PDI Versione Maschile',1,'[{\"added\": {}}]',11,3),(256,'2020-03-02 20:50:52.111793','42','0 - Pensa che la sua voglia di parlare con gli altri sia diminuita?',1,'[{\"added\": {}}]',12,3),(257,'2020-03-02 20:51:15.040698','43','1 - Si è sentito tranquillo?',1,'[{\"added\": {}}]',12,3),(258,'2020-03-02 20:51:37.123485','44','3 - Ha avuto momenti di ansia, di tensione interna?',1,'[{\"added\": {}}]',12,3),(259,'2020-03-02 20:52:03.966609','45','4 - Si è sentito stanco, senza energia?',1,'[{\"added\": {}}]',12,3),(260,'2020-03-02 20:52:31.167010','46','5 - Si è sentito più solo?',1,'[{\"added\": {}}]',12,3),(261,'2020-03-02 20:52:50.369856','47','6 - Si è sentito meglio?',1,'[{\"added\": {}}]',12,3),(262,'2020-03-02 20:53:12.031204','48','7 - Ha avuto momenti di sconforto o depressione?',1,'[{\"added\": {}}]',12,3),(263,'2020-03-02 20:53:29.945873','49','8 - Pensa che la sua malattia possa averle creato problemi di immagine fisica che prima non c\'erano?',1,'[{\"added\": {}}]',12,3),(264,'2020-03-02 20:53:45.054065','50','9 - Si è sentito senza valore?',1,'[{\"added\": {}}]',12,3),(265,'2020-03-02 20:54:08.965964','51','10 - Si è sentito senza volontà?',1,'[{\"added\": {}}]',12,3),(266,'2020-03-02 20:54:30.496021','52','11 - L\'interesse per il mondo che la circonda è diminuito?',1,'[{\"added\": {}}]',12,3),(267,'2020-03-02 20:54:57.838535','53','12 - Le è sembrato che il suo desiderio sessuale sia diminuito?',1,'[{\"added\": {}}]',12,3),(268,'2020-03-02 20:55:16.103685','54','13 - La sua malattia ha influenzato negativamente le sue relazioni con gli altri?',1,'[{\"added\": {}}]',12,3),(269,'2020-03-02 20:58:22.013702','42','0 - Nel corso dell\'ultima settimana:',2,'[{\"changed\": {\"fields\": [\"Content\"]}}]',12,3),(270,'2020-03-02 20:58:35.614940','43','2 - Si è sentito tranquillo?',2,'[{\"changed\": {\"fields\": [\"Question sequence number\"]}}]',12,3),(271,'2020-03-02 20:58:58.570788','55','1 - Pensa che la sua voglia di parlare con gli altri sia diminuita?',1,'[{\"added\": {}}]',12,3),(272,'2020-03-02 21:01:08.327569','165','Per Nulla',1,'[{\"added\": {}}]',7,3),(273,'2020-03-02 21:01:17.802953','166','Poco',1,'[{\"added\": {}}]',7,3),(274,'2020-03-02 21:01:32.204371','167','Abbastanza',1,'[{\"added\": {}}]',7,3),(275,'2020-03-02 21:01:42.830120','168','Molto',1,'[{\"added\": {}}]',7,3),(276,'2020-03-02 21:01:52.958046','169','Moltissimo',1,'[{\"added\": {}}]',7,3),(277,'2020-03-02 21:02:03.477451','170','Per Nulla',1,'[{\"added\": {}}]',7,3),(278,'2020-03-02 21:02:15.913629','171','Poco',1,'[{\"added\": {}}]',7,3),(279,'2020-03-02 21:02:28.179543','172','Abbastanza',1,'[{\"added\": {}}]',7,3),(280,'2020-03-02 21:02:44.031440','173','Molto',1,'[{\"added\": {}}]',7,3),(281,'2020-03-02 21:02:54.051356','174','Moltissimo',1,'[{\"added\": {}}]',7,3),(282,'2020-03-02 21:03:44.850654','175','Per Nulla',1,'[{\"added\": {}}]',7,3),(283,'2020-03-02 21:04:03.897369','176','Poco',1,'[{\"added\": {}}]',7,3),(284,'2020-03-02 21:04:16.821428','177','Abbastanza',1,'[{\"added\": {}}]',7,3),(285,'2020-03-02 21:04:32.131020','178','Molto',1,'[{\"added\": {}}]',7,3),(286,'2020-03-02 21:04:46.909771','179','Moltissimo',1,'[{\"added\": {}}]',7,3),(287,'2020-03-02 21:04:57.589873','180','Per Nulla',1,'[{\"added\": {}}]',7,3),(288,'2020-03-02 21:05:06.562879','181','Poco',1,'[{\"added\": {}}]',7,3),(289,'2020-03-02 21:05:15.487368','182','Abbastanza',1,'[{\"added\": {}}]',7,3),(290,'2020-03-02 21:05:26.732202','183','Molto',1,'[{\"added\": {}}]',7,3),(291,'2020-03-02 21:05:36.870992','184','Moltissimo',1,'[{\"added\": {}}]',7,3),(292,'2020-03-02 21:05:52.080450','185','Per Nulla',1,'[{\"added\": {}}]',7,3),(293,'2020-03-02 21:06:05.830532','186','Poco',1,'[{\"added\": {}}]',7,3),(294,'2020-03-02 21:06:21.550289','187','Abbastanza',1,'[{\"added\": {}}]',7,3),(295,'2020-03-02 21:06:32.108212','188','Molto',1,'[{\"added\": {}}]',7,3),(296,'2020-03-02 21:06:40.638152','189','Moltissimo',1,'[{\"added\": {}}]',7,3),(297,'2020-03-02 21:06:53.850221','190','Per Nulla',1,'[{\"added\": {}}]',7,3),(298,'2020-03-02 21:07:09.980128','191','Poco',1,'[{\"added\": {}}]',7,3),(299,'2020-03-02 21:07:23.093816','192','Abbastanza',1,'[{\"added\": {}}]',7,3),(300,'2020-03-02 21:07:37.531890','193','Molto',1,'[{\"added\": {}}]',7,3),(301,'2020-03-02 21:07:48.892146','194','Moltissimo',1,'[{\"added\": {}}]',7,3),(302,'2020-03-02 21:08:15.014638','194','Moltissimo',2,'[]',7,3),(303,'2020-03-02 21:08:30.825354','195','Per Nulla',1,'[{\"added\": {}}]',7,3),(304,'2020-03-02 21:08:38.358353','196','Poco',1,'[{\"added\": {}}]',7,3),(305,'2020-03-02 21:08:45.620035','197','Abbastanza',1,'[{\"added\": {}}]',7,3),(306,'2020-03-02 21:08:59.618345','198','Molto',1,'[{\"added\": {}}]',7,3),(307,'2020-03-02 21:09:11.081987','199','Moltissimo',1,'[{\"added\": {}}]',7,3),(308,'2020-03-02 21:09:34.741330','200','Per Nulla',1,'[{\"added\": {}}]',7,3),(309,'2020-03-02 21:09:48.449454','201','Poco',1,'[{\"added\": {}}]',7,3),(310,'2020-03-02 21:09:59.021294','202','Abbastanza',1,'[{\"added\": {}}]',7,3),(311,'2020-03-02 21:10:21.130637','203','Molto',1,'[{\"added\": {}}]',7,3),(312,'2020-03-02 21:10:32.611839','204','Moltissimo',1,'[{\"added\": {}}]',7,3),(313,'2020-03-02 21:10:50.942165','205','Per Nulla',1,'[{\"added\": {}}]',7,3),(314,'2020-03-02 21:11:07.378161','206','Poco',1,'[{\"added\": {}}]',7,3),(315,'2020-03-02 21:11:20.120986','207','Abbastanza',1,'[{\"added\": {}}]',7,3),(316,'2020-03-02 21:11:32.329725','208','Molto',1,'[{\"added\": {}}]',7,3),(317,'2020-03-02 21:11:46.699631','209','Moltissimo',1,'[{\"added\": {}}]',7,3),(318,'2020-03-02 21:12:12.412471','210','Per Nulla',1,'[{\"added\": {}}]',7,3),(319,'2020-03-02 21:12:31.833734','211','Poco',1,'[{\"added\": {}}]',7,3),(320,'2020-03-02 21:12:40.347799','212','Abbastanza',1,'[{\"added\": {}}]',7,3),(321,'2020-03-02 21:12:48.359384','213','Molto',1,'[{\"added\": {}}]',7,3),(322,'2020-03-02 21:12:55.302220','214','Moltissimo',1,'[{\"added\": {}}]',7,3),(323,'2020-03-02 21:13:03.244895','215','Per Nulla',1,'[{\"added\": {}}]',7,3),(324,'2020-03-02 21:13:13.370705','216','Poco',1,'[{\"added\": {}}]',7,3),(325,'2020-03-02 21:13:21.766734','217','Abbastanza',1,'[{\"added\": {}}]',7,3),(326,'2020-03-02 21:13:30.306388','218','Molto',1,'[{\"added\": {}}]',7,3),(327,'2020-03-02 21:13:39.874449','219','Moltissimo',1,'[{\"added\": {}}]',7,3),(328,'2020-03-02 21:13:47.807649','220','Per Nulla',1,'[{\"added\": {}}]',7,3),(329,'2020-03-02 21:13:58.210971','221','Poco',1,'[{\"added\": {}}]',7,3),(330,'2020-03-02 21:14:10.007637','222','Abbastanza',1,'[{\"added\": {}}]',7,3),(331,'2020-03-02 21:14:18.367241','223','Molto',1,'[{\"added\": {}}]',7,3),(332,'2020-03-02 21:14:24.021582','224','Moltissimo',1,'[{\"added\": {}}]',7,3),(333,'2020-03-02 21:14:29.739554','225','Per Nulla',1,'[{\"added\": {}}]',7,3),(334,'2020-03-02 21:14:36.666839','226','Poco',1,'[{\"added\": {}}]',7,3),(335,'2020-03-02 21:14:43.523520','227','Abbastanza',1,'[{\"added\": {}}]',7,3),(336,'2020-03-02 21:14:51.911563','228','Molto',1,'[{\"added\": {}}]',7,3),(337,'2020-03-02 21:15:04.960671','229','Moltissimo',1,'[{\"added\": {}}]',7,3),(338,'2020-03-02 21:46:36.212886','Psychological Distress Inventory - PDI Versione Maschile','Psychological Distress Inventory - PDI Versione Maschile',2,'[{\"changed\": {\"fields\": [\"Short name\"]}}]',11,3),(339,'2020-03-03 09:16:37.088257','Psychological Distress Inventory - PDI Versione Maschile','Psychological Distress Inventory - PDI Versione Maschile',2,'[{\"changed\": {\"fields\": [\"Description\"]}}]',11,3),(340,'2020-03-03 10:17:59.547280','Psychological Distress Inventory - PDI Versione Femminile','Psychological Distress Inventory - PDI Versione Femminile',1,'[{\"added\": {}}]',11,3),(341,'2020-03-03 10:18:39.983547','56','1 - Pensa che la sua voglia di parlare con gli altri sia diminuita?',1,'[{\"added\": {}}]',12,3),(342,'2020-03-03 10:18:58.479991','57','2 - Si è sentita tranquilla?',1,'[{\"added\": {}}]',12,3),(343,'2020-03-03 10:19:14.012297','58','3 - Ha avuto momenti di ansia, di tensione interna?',1,'[{\"added\": {}}]',12,3),(344,'2020-03-03 10:19:30.632901','59','4 - Si è sentita stanca, senza energia?',1,'[{\"added\": {}}]',12,3),(345,'2020-03-03 10:19:53.033874','60','5 - Si è sentita più sola?',1,'[{\"added\": {}}]',12,3),(346,'2020-03-03 10:20:17.134066','61','6 - Si è sentita meglio?',1,'[{\"added\": {}}]',12,3),(347,'2020-03-03 10:20:31.030961','62','7 - Ha avuto momenti di sconforto o depressione?',1,'[{\"added\": {}}]',12,3),(348,'2020-03-03 10:20:52.933954','63','8 - Pensa che la sua malattia possa averle creato problemi di immagine fisica che prima non c\'erano?',1,'[{\"added\": {}}]',12,3),(349,'2020-03-03 10:21:11.678231','64','9 - Si è sentita senza valore?',1,'[{\"added\": {}}]',12,3),(350,'2020-03-03 10:21:34.176789','65','10 - Si è sentita senza volontà?',1,'[{\"added\": {}}]',12,3),(351,'2020-03-03 10:21:55.233004','66','11 - L\'interesse per il mondo che la circonda è diminuito?',1,'[{\"added\": {}}]',12,3),(352,'2020-03-03 10:22:36.379011','67','12 - Le è sembrato che il suo desiderio sessuale sia diminuito?',1,'[{\"added\": {}}]',12,3),(353,'2020-03-03 10:23:12.451270','68','13 - La sua malattia ha influenzato negativamente le sue relazioni con gli altri?',1,'[{\"added\": {}}]',12,3),(354,'2020-03-03 10:24:35.249856','69','Nel corso dell\'ultima settimana:',1,'[{\"added\": {}}]',12,3),(355,'2020-03-03 10:24:57.914040','230','Per Nulla',1,'[{\"added\": {}}]',7,3),(356,'2020-03-03 10:25:06.131089','231','Poco',1,'[{\"added\": {}}]',7,3),(357,'2020-03-03 10:25:12.916599','232','Abbastanza',1,'[{\"added\": {}}]',7,3),(358,'2020-03-03 10:25:20.226489','233','Molto',1,'[{\"added\": {}}]',7,3),(359,'2020-03-03 10:25:27.329909','234','Moltissimo',1,'[{\"added\": {}}]',7,3),(360,'2020-03-03 10:26:55.366648','235','Per Nulla',1,'[{\"added\": {}}]',7,3),(361,'2020-03-03 10:27:03.047566','236','Poco',1,'[{\"added\": {}}]',7,3),(362,'2020-03-03 10:27:10.641826','237','Abbastanza',1,'[{\"added\": {}}]',7,3),(363,'2020-03-03 10:27:17.915072','238','Molto',1,'[{\"added\": {}}]',7,3),(364,'2020-03-03 10:27:24.251648','239','Moltissimo',1,'[{\"added\": {}}]',7,3),(365,'2020-03-03 10:27:32.207369','240','Per Nulla',1,'[{\"added\": {}}]',7,3),(366,'2020-03-03 10:27:40.653535','241','Poco',1,'[{\"added\": {}}]',7,3),(367,'2020-03-03 10:27:54.249149','242','Abbastanza',1,'[{\"added\": {}}]',7,3),(368,'2020-03-03 10:28:01.137106','243','Molto',1,'[{\"added\": {}}]',7,3),(369,'2020-03-03 10:28:07.298260','244','Moltissimo',1,'[{\"added\": {}}]',7,3),(370,'2020-03-03 10:28:15.405972','245','Per Nulla',1,'[{\"added\": {}}]',7,3),(371,'2020-03-03 10:28:25.692091','246','Poco',1,'[{\"added\": {}}]',7,3),(372,'2020-03-03 10:28:32.267340','247','Abbastanza',1,'[{\"added\": {}}]',7,3),(373,'2020-03-03 10:28:40.349434','248','Molto',1,'[{\"added\": {}}]',7,3),(374,'2020-03-03 10:28:47.560376','249','Moltissimo',1,'[{\"added\": {}}]',7,3),(375,'2020-03-03 10:28:56.578488','250','Per Nulla',1,'[{\"added\": {}}]',7,3),(376,'2020-03-03 10:29:05.657995','251','Poco',1,'[{\"added\": {}}]',7,3),(377,'2020-03-03 10:29:11.824515','252','Abbastanza',1,'[{\"added\": {}}]',7,3),(378,'2020-03-03 10:29:20.611457','253','Molto',1,'[{\"added\": {}}]',7,3),(379,'2020-03-03 10:29:29.239576','254','Moltissimo',1,'[{\"added\": {}}]',7,3),(380,'2020-03-03 10:29:37.631976','255','Per Nulla',1,'[{\"added\": {}}]',7,3),(381,'2020-03-03 10:29:44.245725','256','Poco',1,'[{\"added\": {}}]',7,3),(382,'2020-03-03 10:29:52.789100','257','Abbastanza',1,'[{\"added\": {}}]',7,3),(383,'2020-03-03 10:30:00.345666','258','Molto',1,'[{\"added\": {}}]',7,3),(384,'2020-03-03 10:30:06.763119','259','Moltissimo',1,'[{\"added\": {}}]',7,3),(385,'2020-03-03 10:30:13.727887','260','Per Nulla',1,'[{\"added\": {}}]',7,3),(386,'2020-03-03 10:30:22.803105','261','Poco',1,'[{\"added\": {}}]',7,3),(387,'2020-03-03 10:30:32.817674','262','Abbastanza',1,'[{\"added\": {}}]',7,3),(388,'2020-03-03 10:30:39.767874','263','Molto',1,'[{\"added\": {}}]',7,3),(389,'2020-03-03 10:30:46.090709','264','Moltissimo',1,'[{\"added\": {}}]',7,3),(390,'2020-03-03 10:30:56.535434','265','Per Nulla',1,'[{\"added\": {}}]',7,3),(391,'2020-03-03 10:31:04.917087','266','Poco',1,'[{\"added\": {}}]',7,3),(392,'2020-03-03 10:31:13.806101','267','Abbastanza',1,'[{\"added\": {}}]',7,3),(393,'2020-03-03 10:31:20.790502','268','Molto',1,'[{\"added\": {}}]',7,3),(394,'2020-03-03 10:31:28.041357','269','Moltissimo',1,'[{\"added\": {}}]',7,3),(395,'2020-03-03 10:31:33.890262','270','Per Nulla',1,'[{\"added\": {}}]',7,3),(396,'2020-03-03 10:31:41.637613','271','Poco',1,'[{\"added\": {}}]',7,3),(397,'2020-03-03 10:31:50.326945','272','Abbastanza',1,'[{\"added\": {}}]',7,3),(398,'2020-03-03 10:31:56.283859','273','Molto',1,'[{\"added\": {}}]',7,3),(399,'2020-03-03 10:32:03.020765','274','Moltissimo',1,'[{\"added\": {}}]',7,3),(400,'2020-03-03 10:32:09.825388','275','Per Nulla',1,'[{\"added\": {}}]',7,3),(401,'2020-03-03 10:32:16.412491','276','Poco',1,'[{\"added\": {}}]',7,3),(402,'2020-03-03 10:32:25.159057','277','Abbastanza',1,'[{\"added\": {}}]',7,3),(403,'2020-03-03 10:32:32.564383','278','Molto',1,'[{\"added\": {}}]',7,3),(404,'2020-03-03 10:32:39.894775','279','Moltissimo',1,'[{\"added\": {}}]',7,3),(405,'2020-03-03 10:32:45.634510','280','Per Nulla',1,'[{\"added\": {}}]',7,3),(406,'2020-03-03 10:32:52.225453','281','Poco',1,'[{\"added\": {}}]',7,3),(407,'2020-03-03 10:32:57.868771','282','Abbastanza',1,'[{\"added\": {}}]',7,3),(408,'2020-03-03 10:33:06.066603','283','Molto',1,'[{\"added\": {}}]',7,3),(409,'2020-03-03 10:33:13.537162','284','Moltissimo',1,'[{\"added\": {}}]',7,3),(410,'2020-03-03 10:33:19.916175','285','Per Nulla',1,'[{\"added\": {}}]',7,3),(411,'2020-03-03 10:33:28.621226','286','Poco',1,'[{\"added\": {}}]',7,3),(412,'2020-03-03 10:33:36.830599','287','Abbastanza',1,'[{\"added\": {}}]',7,3),(413,'2020-03-03 10:33:44.470221','288','Molto',1,'[{\"added\": {}}]',7,3),(414,'2020-03-03 10:33:52.598356','289','Moltissimo',1,'[{\"added\": {}}]',7,3),(415,'2020-03-03 10:34:02.990221','290','Per Nulla',1,'[{\"added\": {}}]',7,3),(416,'2020-03-03 10:34:10.781231','291','Poco',1,'[{\"added\": {}}]',7,3),(417,'2020-03-03 10:34:17.632604','292','Abbastanza',1,'[{\"added\": {}}]',7,3),(418,'2020-03-03 10:34:23.341531','293','Molto',1,'[{\"added\": {}}]',7,3),(419,'2020-03-03 10:34:30.001192','294','Moltissimo',1,'[{\"added\": {}}]',7,3),(420,'2020-03-03 14:13:56.286814','Need Evaluation Questionnaire - NEQ','Need Evaluation Questionnaire - NEQ',1,'[{\"added\": {}}]',11,3),(421,'2020-03-03 14:14:30.661978','70','1 - “Ho bisogno di avere maggiori informazioni sulla mia diagnosi”',1,'[{\"added\": {}}]',12,3),(422,'2020-03-03 14:14:48.317578','71','2 - “Ho bisogno di avere maggiori informazioni sulle mie condizioni future”',1,'[{\"added\": {}}]',12,3),(423,'2020-03-03 14:15:02.657725','72','3 - “Ho bisogno di avere maggiori informazioni sugli esami che mi stanno facendo”',1,'[{\"added\": {}}]',12,3),(424,'2020-03-03 14:15:14.009972','73','4 - “Ho bisogno di avere maggiori spiegazioni sui trattamenti”',1,'[{\"added\": {}}]',12,3),(425,'2020-03-03 14:15:28.142809','74','5 - “Ho bisogno di essere più coinvolto nelle scelte terapeutiche”',1,'[{\"added\": {}}]',12,3),(426,'2020-03-03 14:15:58.214486','75','6 - “Ho bisogno che i medici e gli infermieri mi diano informazioni più comprensibili”',1,'[{\"added\": {}}]',12,3),(427,'2020-03-03 14:16:18.415206','76','7 - “Ho bisogno che i medici siano più sinceri con me”',1,'[{\"added\": {}}]',12,3),(428,'2020-03-03 14:16:34.732926','77','8 - “Ho bisogno di avere un dialogo maggiore con i medici”',1,'[{\"added\": {}}]',12,3),(429,'2020-03-03 14:16:48.130258','78','9 - “Ho bisogno che alcuni dei miei disturbi (dolore, nausea, insonnia, ecc.) siano maggiormente controllati”',1,'[{\"added\": {}}]',12,3),(430,'2020-03-03 14:17:03.973629','79','10 - “Ho bisogno di maggiore aiuto per mangiare, vestirmi ed andare in bagno”',1,'[{\"added\": {}}]',12,3),(431,'2020-03-03 14:17:23.875305','80','11 - “Ho bisogno di maggiore rispetto della mia intimità”',1,'[{\"added\": {}}]',12,3),(432,'2020-03-03 14:17:36.475894','81','12 - “Ho bisogno di maggiore attenzione da parte del personale infermieristico”',1,'[{\"added\": {}}]',12,3),(433,'2020-03-03 14:17:47.831444','82','13 - “Ho bisogno di essere più rassicurato dai medici”',1,'[{\"added\": {}}]',12,3),(434,'2020-03-03 14:17:58.967665','83','14 - “Ho bisogno di avere maggiori informazioni economico-assicurative legate alla mia malattia (ticket, invalidità, ecc.)”',1,'[{\"added\": {}}]',12,3),(435,'2020-03-03 14:18:11.260156','84','15 - “Ho bisogno di un aiuto economico”',1,'[{\"added\": {}}]',12,3),(436,'2020-03-03 14:18:24.075473','85','16 - “Ho bisogno di parlare con uno psicologo”',1,'[{\"added\": {}}]',12,3),(437,'2020-03-03 14:18:35.564263','86','17 - “Ho bisogno di parlare con un assistente spirituale”',1,'[{\"added\": {}}]',12,3),(438,'2020-03-03 14:19:03.735179','87','18 - “Ho bisogno di parlare con persone che hanno avuto la mia stessa esperienza”',1,'[{\"added\": {}}]',12,3),(439,'2020-03-03 14:19:19.748001','88','19 - “Ho bisogno di essere maggiormente rassicurato dai miei famigliari”',1,'[{\"added\": {}}]',12,3),(440,'2020-03-03 14:19:34.551017','89','20 - “Ho bisogno di sentirmi maggiormente utile in famiglia”',1,'[{\"added\": {}}]',12,3),(441,'2020-03-03 14:19:50.532615','90','21 - “Ho bisogno di sentirmi meno abbandonato a me stesso”',1,'[{\"added\": {}}]',12,3),(442,'2020-03-03 14:20:02.333659','91','22 - “Ho bisogno di essere meno commiserato dagli altri”',1,'[{\"added\": {}}]',12,3),(443,'2020-03-03 14:20:48.397094','92','Il seguente questionario riporta un elenco di bisogni, legati alla condizione di salute che alcune persone hanno detto di avere. Le chiediamo di mettere una croce sul SI per i bisogni che Lei ritiene ',1,'[{\"added\": {}}]',12,3),(444,'2020-03-03 14:23:50.135553','92','Il seguente questionario riporta un elenco di bisogni, legati alla condizione di salute che alcune persone hanno detto di avere. Le chiediamo di mettere una croce sul SI per i bisogni che Lei ritiene ',3,'',12,3),(445,'2020-03-03 14:36:40.178259','295','Si',1,'[{\"added\": {}}]',7,3),(446,'2020-03-03 14:36:50.795858','296','No',1,'[{\"added\": {}}]',7,3),(447,'2020-03-03 14:37:04.381351','297','Si',1,'[{\"added\": {}}]',7,3),(448,'2020-03-03 14:37:11.912251','298','No',1,'[{\"added\": {}}]',7,3),(449,'2020-03-03 14:37:19.988476','299','Si',1,'[{\"added\": {}}]',7,3),(450,'2020-03-03 14:37:28.105618','300','No',1,'[{\"added\": {}}]',7,3),(451,'2020-03-03 14:37:35.965379','301','Si',1,'[{\"added\": {}}]',7,3),(452,'2020-03-03 14:37:43.073437','302','No',1,'[{\"added\": {}}]',7,3),(453,'2020-03-03 14:37:51.938709','303','Si',1,'[{\"added\": {}}]',7,3),(454,'2020-03-03 14:37:59.337714','304','No',1,'[{\"added\": {}}]',7,3),(455,'2020-03-03 14:38:10.009831','305','Si',1,'[{\"added\": {}}]',7,3),(456,'2020-03-03 14:38:15.946360','306','No',1,'[{\"added\": {}}]',7,3),(457,'2020-03-03 14:38:21.349364','307','Si',1,'[{\"added\": {}}]',7,3),(458,'2020-03-03 14:38:28.537940','308','No',1,'[{\"added\": {}}]',7,3),(459,'2020-03-03 14:38:34.333442','309','Si',1,'[{\"added\": {}}]',7,3),(460,'2020-03-03 14:38:40.352571','310','No',1,'[{\"added\": {}}]',7,3),(461,'2020-03-03 14:38:46.250475','311','Si',1,'[{\"added\": {}}]',7,3),(462,'2020-03-03 14:38:51.689853','312','No',1,'[{\"added\": {}}]',7,3),(463,'2020-03-03 14:38:59.397703','313','Si',1,'[{\"added\": {}}]',7,3),(464,'2020-03-03 14:39:05.437022','314','No',1,'[{\"added\": {}}]',7,3),(465,'2020-03-03 14:39:10.800410','315','Si',1,'[{\"added\": {}}]',7,3),(466,'2020-03-03 14:39:15.982436','316','No',1,'[{\"added\": {}}]',7,3),(467,'2020-03-03 14:39:21.093547','317','Si',1,'[{\"added\": {}}]',7,3),(468,'2020-03-03 14:39:29.128413','318','No',1,'[{\"added\": {}}]',7,3),(469,'2020-03-03 14:39:36.497071','319','Si',1,'[{\"added\": {}}]',7,3),(470,'2020-03-03 14:39:41.290738','320','No',1,'[{\"added\": {}}]',7,3),(471,'2020-03-03 14:39:47.999233','321','Si',1,'[{\"added\": {}}]',7,3),(472,'2020-03-03 14:39:52.985950','322','No',1,'[{\"added\": {}}]',7,3),(473,'2020-03-03 14:39:58.038207','323','Si',1,'[{\"added\": {}}]',7,3),(474,'2020-03-03 14:40:04.101034','324','No',1,'[{\"added\": {}}]',7,3),(475,'2020-03-03 14:40:09.059687','325','Si',1,'[{\"added\": {}}]',7,3),(476,'2020-03-03 14:40:14.098272','326','No',1,'[{\"added\": {}}]',7,3),(477,'2020-03-03 14:40:19.851959','327','Si',1,'[{\"added\": {}}]',7,3),(478,'2020-03-03 14:40:24.798496','328','No',1,'[{\"added\": {}}]',7,3),(479,'2020-03-03 14:40:32.593536','329','Si',1,'[{\"added\": {}}]',7,3),(480,'2020-03-03 14:40:38.674613','330','No',1,'[{\"added\": {}}]',7,3),(481,'2020-03-03 14:40:46.105502','331','Si',1,'[{\"added\": {}}]',7,3),(482,'2020-03-03 14:40:51.236077','332','No',1,'[{\"added\": {}}]',7,3),(483,'2020-03-03 14:41:04.738928','333','Si',1,'[{\"added\": {}}]',7,3),(484,'2020-03-03 14:41:15.094048','334','No',1,'[{\"added\": {}}]',7,3),(485,'2020-03-03 14:41:29.128782','335','Si',1,'[{\"added\": {}}]',7,3),(486,'2020-03-03 14:41:38.055445','336','No',1,'[{\"added\": {}}]',7,3),(487,'2020-03-03 14:41:46.860471','337','Si',1,'[{\"added\": {}}]',7,3),(488,'2020-03-03 14:41:54.133246','338','No',1,'[{\"added\": {}}]',7,3),(489,'2020-03-03 15:32:05.725940','93','23 - In questo momento il mio bisogno principale è:',1,'[{\"added\": {}}]',12,3),(490,'2020-03-03 16:02:24.001822','Psychological Distress Inventory - PDI Versione Maschile','Psychological Distress Inventory - PDI Versione Maschile',2,'[{\"changed\": {\"fields\": [\"Short name\"]}}]',11,3),(491,'2020-03-03 16:02:30.726331','Psychological Distress Inventory - PDI Versione Femminile','Psychological Distress Inventory - PDI Versione Femminile',2,'[{\"changed\": {\"fields\": [\"Short name\"]}}]',11,3),(492,'2020-03-03 16:02:38.488715','Need Evaluation Questionnaire - NEQ','Need Evaluation Questionnaire - NEQ',2,'[{\"changed\": {\"fields\": [\"Short name\"]}}]',11,3),(493,'2020-03-03 16:11:20.534760','Psychological Distress Inventory - PDI Versione Maschile','Psychological Distress Inventory - PDI Versione Maschile',2,'[{\"changed\": {\"fields\": [\"Short name\"]}}]',11,3),(494,'2020-03-03 16:11:26.616199','Psychological Distress Inventory - PDI Versione Femminile','Psychological Distress Inventory - PDI Versione Femminile',2,'[{\"changed\": {\"fields\": [\"Short name\"]}}]',11,3),(495,'2020-03-03 16:11:31.935072','Need Evaluation Questionnaire - NEQ','Need Evaluation Questionnaire - NEQ',2,'[{\"changed\": {\"fields\": [\"Short name\"]}}]',11,3),(496,'2020-03-03 17:05:31.052495','93','23 - In questo momento il mio bisogno principale è:',2,'[{\"changed\": {\"fields\": [\"Type\"]}}]',12,3),(497,'2020-03-03 20:42:42.423216','Termometro del Distress','Termometro del Distress',1,'[{\"added\": {}}]',11,3),(498,'2020-03-03 20:45:38.039254','94','1 - Istruzioni: La prego di cerchiare il numero(da 0=Nessun Disagio a 10=Massimo Disagio) che meglio descrive la quantità di disagio che ha provato nell\'ultima settimana oggi compreso',1,'[{\"added\": {}}]',12,3),(499,'2020-03-03 20:47:12.927907','95','La prego di indicare se qualcuna delle seguenti voci è stata causa di disagio nell\'ultima settimana oggi compreso',1,'[{\"added\": {}}]',12,3),(500,'2020-03-03 20:47:29.473819','96','3 - Aspetti Pratici',1,'[{\"added\": {}}]',12,3),(501,'2020-03-03 20:47:49.538580','97','5 - Aspetti Emozionali',1,'[{\"added\": {}}]',12,3),(502,'2020-03-03 20:48:16.452953','98','6 - Aspetti Spirituali',1,'[{\"added\": {}}]',12,3),(503,'2020-03-03 20:48:36.118683','99','7 - Problemi Fisici',1,'[{\"added\": {}}]',12,3),(504,'2020-03-03 20:49:33.082007','342','Difficoltà abitative',1,'[{\"added\": {}}]',7,3),(505,'2020-03-03 20:51:19.947284','343','Difficoltà scolastiche/lavorative',1,'[{\"added\": {}}]',7,3),(506,'2020-03-03 20:51:41.241716','344','Difficoltà di trasporto',1,'[{\"added\": {}}]',7,3),(507,'2020-03-03 20:52:04.031487','344','Difficoltà di trasporto',2,'[]',7,3),(508,'2020-03-03 20:52:57.586436','345','Difficoltà ad occuparsi dei figli',1,'[{\"added\": {}}]',7,3),(509,'2020-03-03 20:54:04.600760','100','4 - Aspetti Relazionali',1,'[{\"added\": {}}]',12,3),(510,'2020-03-03 20:55:00.049350','346','Difficoltà nel rapporto con il partner',1,'[{\"added\": {}}]',7,3),(511,'2020-03-03 20:55:23.961819','347','Difficoltà nel rapporto con i figli',1,'[{\"added\": {}}]',7,3),(512,'2020-03-03 20:55:51.992698','348','Difficoltà nel rapporto con altri familiari',1,'[{\"added\": {}}]',7,3),(513,'2020-03-03 20:56:19.328575','349','Difficoltà nel rapporto con amici, colleghi',1,'[{\"added\": {}}]',7,3),(514,'2020-03-03 20:56:33.625743','350','Preoccupazione',1,'[{\"added\": {}}]',7,3),(515,'2020-03-03 20:56:45.577220','351','Tristezza',1,'[{\"added\": {}}]',7,3),(516,'2020-03-03 20:56:57.777530','352','Paura',1,'[{\"added\": {}}]',7,3),(517,'2020-03-03 20:57:15.818224','353','Depressione',1,'[{\"added\": {}}]',7,3),(518,'2020-03-03 20:57:40.313119','354','Nervosismo',1,'[{\"added\": {}}]',7,3),(519,'2020-03-03 20:58:40.744227','355','Carenza di convinzioni profonde/valori in grado di dare significato alla Sua vita',1,'[{\"added\": {}}]',7,3),(520,'2020-03-03 20:59:21.209210','356','Difficoltà a dare un senso alla Sua malattia',1,'[{\"added\": {}}]',7,3),(521,'2020-03-03 21:00:08.482174','357','Impossibilità a dialogare apertamente con persone che abbiano vissuto la Sua stessa situazione',1,'[{\"added\": {}}]',7,3),(522,'2020-03-03 21:01:32.138452','358','Difficoltà a trovare una persona con cui parlare apertamente di questioni riguardanti il significato della vita',1,'[{\"added\": {}}]',7,3),(523,'2020-03-03 21:05:17.098861','99','8 - Problemi Fisici',2,'[{\"changed\": {\"fields\": [\"Question sequence number\"]}}]',12,3),(524,'2020-03-03 21:06:02.607560','101','7 - Altri bisogni:',1,'[{\"added\": {}}]',12,3),(525,'2020-03-03 21:06:20.676738','102','9 - Altro:',1,'[{\"added\": {}}]',12,3),(526,'2020-03-03 21:06:50.101356','359','Dolore',1,'[{\"added\": {}}]',7,3),(527,'2020-03-03 21:07:05.856655','360','Nausea',1,'[{\"added\": {}}]',7,3),(528,'2020-03-03 21:07:31.136777','361','Affaticabilità/stanchezza',1,'[{\"added\": {}}]',7,3),(529,'2020-03-03 21:07:44.386897','362','Insonnia',1,'[{\"added\": {}}]',7,3),(530,'2020-03-03 21:08:16.255674','363','Problemi a spostarsi autonomamente',1,'[{\"added\": {}}]',7,3),(531,'2020-03-03 21:08:42.050629','364','Problemi respiratori',1,'[{\"added\": {}}]',7,3),(532,'2020-03-03 21:09:07.372377','365','Infiammazioni alla bocca',1,'[{\"added\": {}}]',7,3),(533,'2020-03-03 21:09:37.262079','366','Problemi ad alimentarsi',1,'[{\"added\": {}}]',7,3),(534,'2020-03-03 21:09:58.143854','367','Difficoltà a digerire',1,'[{\"added\": {}}]',7,3),(535,'2020-03-03 21:10:23.898924','368','Stipsi/diarrea',1,'[{\"added\": {}}]',7,3),(536,'2020-03-03 21:10:58.892219','369','Cambiamenti nella funzione urinaria',1,'[{\"added\": {}}]',7,3),(537,'2020-03-03 21:11:31.631987','370','Febbre',1,'[{\"added\": {}}]',7,3),(538,'2020-03-03 21:11:57.222002','371','Secchezza della cute/prurito',1,'[{\"added\": {}}]',7,3),(539,'2020-03-03 21:12:29.173189','372','Secchezza della mucosa nasale',1,'[{\"added\": {}}]',7,3),(540,'2020-03-03 21:13:20.941470','373','Formicolio alle mani o ai piedi',1,'[{\"added\": {}}]',7,3),(541,'2020-03-03 21:13:40.869745','374','Senso di gonfiore',1,'[{\"added\": {}}]',7,3),(542,'2020-03-03 21:14:08.128817','375','Problemi sessuali',1,'[{\"added\": {}}]',7,3),(543,'2020-03-03 21:15:53.565092','101','7 - Altri bisogni spirituali:',2,'[{\"changed\": {\"fields\": [\"Content\"]}}]',12,3),(544,'2020-03-03 21:16:13.721811','102','9 - Altri disagi fisici:',2,'[{\"changed\": {\"fields\": [\"Content\"]}}]',12,3),(545,'2020-03-03 21:22:11.980956','94','1 - Istruzioni: La prego di cerchiare il numero(da 0=Nessun Disagio a 10=Massimo Disagio) che meglio descrive la quantità di disagio che ha provato nell\'ultima settimana oggi compreso',2,'[{\"changed\": {\"fields\": [\"Type\"]}}]',12,3),(546,'2020-03-03 21:24:52.784032','376','0',1,'[{\"added\": {}}]',7,3),(547,'2020-03-03 21:25:08.145056','377','2',1,'[{\"added\": {}}]',7,3),(548,'2020-03-03 21:25:30.483108','378','3',1,'[{\"added\": {}}]',7,3),(549,'2020-03-03 21:25:46.010289','378','3',2,'[]',7,3),(550,'2020-03-03 21:25:54.461742','379','4',1,'[{\"added\": {}}]',7,3),(551,'2020-03-03 21:26:02.853349','380','5',1,'[{\"added\": {}}]',7,3),(552,'2020-03-03 21:26:09.294705','381','6',1,'[{\"added\": {}}]',7,3),(553,'2020-03-03 21:26:17.205648','382','7',1,'[{\"added\": {}}]',7,3),(554,'2020-03-03 21:26:25.076224','383','8',1,'[{\"added\": {}}]',7,3),(555,'2020-03-03 21:26:32.519130','384','9',1,'[{\"added\": {}}]',7,3),(556,'2020-03-03 21:26:40.200909','385','10',1,'[{\"added\": {}}]',7,3),(557,'2020-03-03 21:27:57.160170','376','0',2,'[{\"changed\": {\"fields\": [\"Answer sequence number\"]}}]',7,3),(558,'2020-03-03 21:28:08.237087','377','2',2,'[{\"changed\": {\"fields\": [\"Answer sequence number\"]}}]',7,3),(559,'2020-03-03 21:28:15.784964','386','1',1,'[{\"added\": {}}]',7,3),(560,'2020-03-03 21:31:51.909539','94','1 - Istruzioni: La prego di cerchiare il numero che meglio descrive la quantità di disagio che ha provato nell\'ultima settimana oggi compreso. L\'estrema sinistra rappresenta Nessun Disagio(0), l\'estre',2,'[{\"changed\": {\"fields\": [\"Type\", \"Content\"]}}]',12,3),(561,'2020-03-04 10:19:38.660549','Family Strain Questionnaire - Short Form','Family Strain Questionnaire - Short Form',1,'[{\"added\": {}}]',11,3),(562,'2020-03-04 10:22:18.881068','103','1 - Sono preoccupato per la malattia del mio congiunto',1,'[{\"added\": {}}]',12,3),(563,'2020-03-04 10:22:57.138091','104','2 - Mi sento impotente di fronte alla malattia',1,'[{\"added\": {}}]',12,3),(564,'2020-03-04 10:23:43.140741','105','3 - Sento il bisogno di avere consigli su come assistere il mio congiunto',1,'[{\"added\": {}}]',12,3),(565,'2020-03-04 10:24:09.569614','106','4 - A volte mi capita di pensare alla morte del mio congiunto',1,'[{\"added\": {}}]',12,3),(566,'2020-03-04 10:24:39.990953','107','5 - Penso sempre a come andranno a finire le cose',1,'[{\"added\": {}}]',12,3),(567,'2020-03-04 10:25:02.512870','108','6 - Ho troppe cose a cui pensare',1,'[{\"added\": {}}]',12,3),(568,'2020-03-04 10:25:54.451856','109','7 - Vorrei sapere con più precisione quali cure si stanno prestando al mio congiunto',1,'[{\"added\": {}}]',12,3),(569,'2020-03-04 10:26:34.615732','110','8 - Vorrei controllare di più le mie emozioni',1,'[{\"added\": {}}]',12,3),(570,'2020-03-04 10:27:33.504871','111','9 - In questo periodo mi sento molto in ansia per il futuro',1,'[{\"added\": {}}]',12,3),(571,'2020-03-04 10:28:20.951616','112','10 - Ho spesso disturbi quali insonnia, difficoltà digestive, mal di testa, stanchezza',1,'[{\"added\": {}}]',12,3),(572,'2020-03-04 10:28:52.566685','113','11 - In questo periodo mi sento molto stressato',1,'[{\"added\": {}}]',12,3),(573,'2020-03-04 10:30:09.251141','114','12 - Avrei bisogno di parlare delle cose che non vanno con un esperto(medico, psicologo, eccetera)',1,'[{\"added\": {}}]',12,3),(574,'2020-03-04 10:30:35.754481','115','13 - Vorrei avere più tempo da dedicare a me stesso',1,'[{\"added\": {}}]',12,3),(575,'2020-03-04 10:31:14.907087','116','14 - La malattia del mio congiunto mi provoca stanchezza',1,'[{\"added\": {}}]',12,3),(576,'2020-03-04 10:31:40.993209','117','15 - In questo periodo ho poca voglia di uscire',1,'[{\"added\": {}}]',12,3),(577,'2020-03-04 10:32:27.296390','118','16 - Ho l\'impressione di non riuscire a far fronte a tutti i miei problemi',1,'[{\"added\": {}}]',12,3),(578,'2020-03-04 10:33:39.671450','119','17 - Mi sento in colpa quando lascio il mio congiunto solo o con qualcun altro',1,'[{\"added\": {}}]',12,3),(579,'2020-03-04 10:34:08.155913','120','17 - Ho poco tempo da dedicare agli altri familiari',1,'[{\"added\": {}}]',12,3),(580,'2020-03-04 10:34:21.537553','120','18 - Ho poco tempo da dedicare agli altri familiari',2,'[{\"changed\": {\"fields\": [\"Question sequence number\"]}}]',12,3),(581,'2020-03-04 10:35:19.289710','121','19 - Frequento meno parenti e amici per via della malattia',1,'[{\"added\": {}}]',12,3),(582,'2020-03-04 10:35:53.086231','122','20 - Talvolta mi è difficile contenere la rabbia',1,'[{\"added\": {}}]',12,3),(583,'2020-03-04 10:36:20.727101','123','21 - Sono pessimista per il futuro',1,'[{\"added\": {}}]',12,3),(584,'2020-03-04 10:37:04.321686','124','22 - Non so se riuscirò a superare tutte le difficoltà di questo periodo',1,'[{\"added\": {}}]',12,3),(585,'2020-03-04 10:37:56.534327','125','23 - Ho abbandonato la maggior parte dei miei interessi personali',1,'[{\"added\": {}}]',12,3),(586,'2020-03-04 10:38:48.292185','126','24 - Sono molto ansioso di fronte al mio congunto',1,'[{\"added\": {}}]',12,3),(587,'2020-03-04 10:39:26.876319','127','25 - Talvolta ho l\'impressione di aver perso il mio congiunto',1,'[{\"added\": {}}]',12,3),(588,'2020-03-04 10:40:07.160142','128','26 - A volte mi sento irritato dalle continue richieste del mio congiunto',1,'[{\"added\": {}}]',12,3),(589,'2020-03-04 10:40:44.618447','129','27 - A volte i rapporti con i medici sono per me fonte di stress',1,'[{\"added\": {}}]',12,3),(590,'2020-03-04 10:41:12.315144','130','28 - Nessuno capisce il peso che porto',1,'[{\"added\": {}}]',12,3),(591,'2020-03-04 10:41:38.337215','131','29 - Vorrei parlare della possibile perdita del mio congiunto',1,'[{\"added\": {}}]',12,3),(592,'2020-03-04 10:42:39.943295','132','30 - In caso di bisogno non posso fare affidamento su qualcuno della famiglia',1,'[{\"added\": {}}]',12,3),(593,'2020-03-04 11:02:25.233932','387','Si',1,'[{\"added\": {}}]',7,3),(594,'2020-03-04 11:02:36.036116','388','No',1,'[{\"added\": {}}]',7,3),(595,'2020-03-04 11:02:44.243460','389','Si',1,'[{\"added\": {}}]',7,3),(596,'2020-03-04 11:03:02.959676','390','No',1,'[{\"added\": {}}]',7,3),(597,'2020-03-04 11:03:16.765988','391','Si',1,'[{\"added\": {}}]',7,3),(598,'2020-03-04 11:03:25.146760','392','No',1,'[{\"added\": {}}]',7,3),(599,'2020-03-04 11:03:38.512853','393','Si',1,'[{\"added\": {}}]',7,3),(600,'2020-03-04 11:03:46.410377','394','No',1,'[{\"added\": {}}]',7,3),(601,'2020-03-04 11:03:53.309932','395','Si',1,'[{\"added\": {}}]',7,3),(602,'2020-03-04 11:04:00.304097','396','No',1,'[{\"added\": {}}]',7,3),(603,'2020-03-04 11:04:07.706889','397','Si',1,'[{\"added\": {}}]',7,3),(604,'2020-03-04 11:04:14.356459','398','No',1,'[{\"added\": {}}]',7,3),(605,'2020-03-04 11:04:20.933533','399','Si',1,'[{\"added\": {}}]',7,3),(606,'2020-03-04 11:04:27.579945','400','No',1,'[{\"added\": {}}]',7,3),(607,'2020-03-04 11:04:33.687381','401','Si',1,'[{\"added\": {}}]',7,3),(608,'2020-03-04 11:04:41.875667','402','No',1,'[{\"added\": {}}]',7,3),(609,'2020-03-04 11:04:47.928655','403','Si',1,'[{\"added\": {}}]',7,3),(610,'2020-03-04 11:04:54.368472','404','No',1,'[{\"added\": {}}]',7,3),(611,'2020-03-04 11:05:00.451050','405','Si',1,'[{\"added\": {}}]',7,3),(612,'2020-03-04 11:05:22.390436','405','Si',2,'[]',7,3),(613,'2020-03-04 11:05:30.683159','406','No',1,'[{\"added\": {}}]',7,3),(614,'2020-03-04 11:05:42.077953','407','Si',1,'[{\"added\": {}}]',7,3),(615,'2020-03-04 11:05:48.087307','408','No',1,'[{\"added\": {}}]',7,3),(616,'2020-03-04 11:05:54.486664','409','Si',1,'[{\"added\": {}}]',7,3),(617,'2020-03-04 11:06:00.620256','410','No',1,'[{\"added\": {}}]',7,3),(618,'2020-03-04 11:06:06.336186','411','Si',1,'[{\"added\": {}}]',7,3),(619,'2020-03-04 11:06:12.308505','412','No',1,'[{\"added\": {}}]',7,3),(620,'2020-03-04 11:06:18.656771','413','Si',1,'[{\"added\": {}}]',7,3),(621,'2020-03-04 11:06:24.213329','414','No',1,'[{\"added\": {}}]',7,3),(622,'2020-03-04 11:06:29.897703','415','Si',1,'[{\"added\": {}}]',7,3),(623,'2020-03-04 11:06:40.557854','416','No',1,'[{\"added\": {}}]',7,3),(624,'2020-03-04 11:07:35.440344','416','No',2,'[]',7,3),(625,'2020-03-04 11:07:43.054866','417','Si',1,'[{\"added\": {}}]',7,3),(626,'2020-03-04 11:07:49.559762','418','No',1,'[{\"added\": {}}]',7,3),(627,'2020-03-04 11:07:56.647380','419','Si',1,'[{\"added\": {}}]',7,3),(628,'2020-03-04 11:08:04.648863','420','No',1,'[{\"added\": {}}]',7,3),(629,'2020-03-04 11:08:12.822506','421','Si',1,'[{\"added\": {}}]',7,3),(630,'2020-03-04 11:08:19.578381','422','No',1,'[{\"added\": {}}]',7,3),(631,'2020-03-04 11:08:27.512417','423','Si',1,'[{\"added\": {}}]',7,3),(632,'2020-03-04 11:08:34.523148','424','No',1,'[{\"added\": {}}]',7,3),(633,'2020-03-04 11:08:42.511358','425','Si',1,'[{\"added\": {}}]',7,3),(634,'2020-03-04 11:08:49.620234','426','No',1,'[{\"added\": {}}]',7,3),(635,'2020-03-04 11:08:59.979600','427','Si',1,'[{\"added\": {}}]',7,3),(636,'2020-03-04 11:09:07.138413','428','No',1,'[{\"added\": {}}]',7,3),(637,'2020-03-04 11:09:15.132698','429','Si',1,'[{\"added\": {}}]',7,3),(638,'2020-03-04 11:09:23.029224','430','No',1,'[{\"added\": {}}]',7,3),(639,'2020-03-04 11:09:44.494173','430','No',2,'[]',7,3),(640,'2020-03-04 11:09:51.222261','431','Si',1,'[{\"added\": {}}]',7,3),(641,'2020-03-04 11:09:58.693776','432','No',1,'[{\"added\": {}}]',7,3),(642,'2020-03-04 11:10:05.900169','433','Si',1,'[{\"added\": {}}]',7,3),(643,'2020-03-04 11:10:13.854469','434','No',1,'[{\"added\": {}}]',7,3),(644,'2020-03-04 11:10:24.439696','435','Si',1,'[{\"added\": {}}]',7,3),(645,'2020-03-04 11:10:32.261413','436','No',1,'[{\"added\": {}}]',7,3),(646,'2020-03-04 11:10:39.436880','437','Si',1,'[{\"added\": {}}]',7,3),(647,'2020-03-04 11:10:47.144764','438','No',1,'[{\"added\": {}}]',7,3),(648,'2020-03-04 11:10:55.410253','439','Si',1,'[{\"added\": {}}]',7,3),(649,'2020-03-04 11:11:02.938439','440','No',1,'[{\"added\": {}}]',7,3),(650,'2020-03-04 11:11:10.283342','441','Si',1,'[{\"added\": {}}]',7,3),(651,'2020-03-04 11:11:18.639669','442','No',1,'[{\"added\": {}}]',7,3),(652,'2020-03-04 11:11:27.501272','443','Si',1,'[{\"added\": {}}]',7,3),(653,'2020-03-04 11:11:34.930082','444','No',1,'[{\"added\": {}}]',7,3),(654,'2020-03-04 11:12:21.782776','445','Si',1,'[{\"added\": {}}]',7,3),(655,'2020-03-04 11:12:29.933657','446','No',1,'[{\"added\": {}}]',7,3),(656,'2020-03-04 11:13:21.481923','Family Strain Questionnaire - Short Form','Family Strain Questionnaire - Short Form',2,'[{\"changed\": {\"fields\": [\"Description\"]}}]',11,3),(657,'2020-03-05 20:01:03.767469','VALUTAZIONE PSICO-SOCIALE DEI CANDIDATI AL TRAPIANTO','VALUTAZIONE PSICO-SOCIALE DEI CANDIDATI AL TRAPIANTO',1,'[{\"added\": {}}]',11,3),(658,'2020-03-05 20:02:09.648036','PACT','PACT',2,'[{\"changed\": {\"fields\": [\"Name\", \"Short name\", \"Description\"]}}]',11,3),(659,'2020-03-05 20:02:25.105802','VALUTAZIONE PSICO-SOCIALE DEI CANDIDATI AL TRAPIANTO','VALUTAZIONE PSICO-SOCIALE DEI CANDIDATI AL TRAPIANTO',3,'',11,3),(660,'2020-03-05 20:03:22.417225','133','VALUTAZIONE INIZIALE DELL’ADEGUATEZZA DEL CANDIDATO',1,'[{\"added\": {}}]',12,3),(661,'2020-03-05 20:03:46.488976','134','SUPPORTO SOCIALE',1,'[{\"added\": {}}]',12,3),(662,'2020-03-05 20:05:03.352680','135','1.a - Stabilità familiare e delle relazioni sociali',1,'[{\"added\": {}}]',12,3),(663,'2020-03-05 20:05:41.666537','136','1.b - Disponibilità del supporto familiare e relazionale',1,'[{\"added\": {}}]',12,3),(664,'2020-03-05 20:06:15.163766','137','BENESSERE PSICOLOGICO',1,'[{\"added\": {}}]',12,3),(665,'2020-03-05 20:06:33.474890','138','2.a - Psicopatologia, fattori stabili di personalità',1,'[{\"added\": {}}]',12,3),(666,'2020-03-05 20:06:54.155318','139','2.b - Rischio di psicopatologia',1,'[{\"added\": {}}]',12,3),(667,'2020-03-05 20:07:12.929379','140','CARATTERISTICHE DELLO STILE DI VITA',1,'[{\"added\": {}}]',12,3),(668,'2020-03-05 20:07:33.035831','141','3.a - Stile di vita sano. Capacità di sostenere i cambiamenti di stile di vita',1,'[{\"added\": {}}]',12,3),(669,'2020-03-05 20:07:54.928781','142','3.b - Uso di droghe ed alcool',1,'[{\"added\": {}}]',12,3),(670,'2020-03-05 20:08:21.546736','143','3.c - Compliance alle terapie e alle prescrizioni/indicazioni mediche',1,'[{\"added\": {}}]',12,3),(671,'2020-03-05 20:08:35.191785','144','COMPRENSIONE DEL TRAPIANTO E DEL FOLLOW UP',1,'[{\"added\": {}}]',12,3),(672,'2020-03-05 20:08:47.740513','145','4.a - Conoscenza pertinente e disponibilità ad apprendere',1,'[{\"added\": {}}]',12,3),(673,'2020-03-05 20:10:27.497371','448','Assenza di legami interpersonali forti o relazioni altamente instabili',1,'[{\"added\": {}}]',7,3),(674,'2020-03-05 20:10:38.369809','449','-',1,'[{\"added\": {}}]',7,3),(675,'2020-03-05 20:10:56.311030','450','Presenza di alcune relazioni stabili. Presenza evidente di alcuni problemi',1,'[{\"added\": {}}]',7,3),(676,'2020-03-05 20:11:07.666913','451','-',1,'[{\"added\": {}}]',7,3),(677,'2020-03-05 20:11:30.281426','452','Relazione stabile e seria, forte coinvolgimento familiare. Le persone d’aiuto hanno un buon livello di funzionamento mentale.',1,'[{\"added\": {}}]',7,3),(678,'2020-03-05 20:11:46.635790','453','Supporto non disponibile',1,'[{\"added\": {}}]',7,3),(679,'2020-03-05 20:11:57.776197','454','-',1,'[{\"added\": {}}]',7,3),(680,'2020-03-05 20:12:19.363101','455','Disponibilità di supporto limitata da fattori emotivi o geografici',1,'[{\"added\": {}}]',7,3),(681,'2020-03-05 20:12:29.606148','456','-',1,'[{\"added\": {}}]',7,3),(682,'2020-03-05 20:12:58.132720','457','Nello stesso luogo (città) durante tutto il percorso . emotivamente di supporto',1,'[{\"added\": {}}]',7,3),(683,'2020-03-05 20:13:12.629435','458','Grave psicopatologia in corso ( schizofrenia, depressioni ricorrenti, disturbi di personalità)',1,'[{\"added\": {}}]',7,3),(684,'2020-03-05 20:13:26.545697','459','-',1,'[{\"added\": {}}]',7,3),(685,'2020-03-05 20:13:47.585529','460','Moderate difficoltà di adattamento e coping ( ansia reattiva, depressione correlata alla situazione)',1,'[{\"added\": {}}]',7,3),(686,'2020-03-05 20:14:03.672871','461','-',1,'[{\"added\": {}}]',7,3),(687,'2020-03-05 20:14:29.737391','462','Adeguatamente compensato',1,'[{\"added\": {}}]',7,3),(688,'2020-03-05 20:14:52.170307','463','Rilevante storia familiare di psicopatologia maggiore . Precedente stria psichiatrica del paziente',1,'[{\"added\": {}}]',7,3),(689,'2020-03-05 20:15:03.108040','464','-',1,'[{\"added\": {}}]',7,3),(690,'2020-03-05 20:15:24.483905','465','Periodi di scarsa capacità di coping . Discreta vulnerabilità psicologica ai trattamenti medici . Storia familiare di patologia psichiatrica maggiore.',1,'[{\"added\": {}}]',7,3),(691,'2020-03-05 20:15:36.437566','466','-',1,'[{\"added\": {}}]',7,3),(692,'2020-03-05 20:15:51.326033','467','Assenza di storia familiare di patologia psichiatrica assenza di scarsa capacità di coping',1,'[{\"added\": {}}]',7,3),(693,'2020-03-05 20:16:11.882436','468','Stile di vita sedentario ; importanti problemi di dieta, fumo. Resistente ai cambiamenti',1,'[{\"added\": {}}]',7,3),(694,'2020-03-05 20:16:22.435074','469','-',1,'[{\"added\": {}}]',7,3),(695,'2020-03-05 20:16:40.027635','470','Alcuni cambiamenti dello stile di vita. Necessita di ulteriori informazioni, per ridurre e gestire meglio le condotte a rischio.',1,'[{\"added\": {}}]',7,3),(696,'2020-03-05 20:16:51.156134','471','-',1,'[{\"added\": {}}]',7,3),(697,'2020-03-05 20:17:07.152614','472','Notevoli cambiamenti nello stile di vita; assenza di rilevanti fattori di rischio; volontà di cambiamento',1,'[{\"added\": {}}]',7,3),(698,'2020-03-05 20:17:40.489911','473','Dipendenza, riluttanza al cambiamento',1,'[{\"added\": {}}]',7,3),(699,'2020-03-05 20:17:50.045108','474','-',1,'[{\"added\": {}}]',7,3),(700,'2020-03-05 20:18:07.262372','475','Uso moderato, non quotidiano. Volontà di smettere',1,'[{\"added\": {}}]',7,3),(701,'2020-03-05 20:18:19.470540','476','-',1,'[{\"added\": {}}]',7,3),(702,'2020-03-05 20:18:36.507819','477','Astinenza o uso molto sporadico',1,'[{\"added\": {}}]',7,3),(703,'2020-03-05 20:18:54.305895','478','Compliance non attendibile, indifferente (non consulta i medici)',1,'[{\"added\": {}}]',7,3),(704,'2020-03-05 20:19:02.515574','479','-',1,'[{\"added\": {}}]',7,3),(705,'2020-03-05 20:19:29.865665','480','Ben informato a proposito dei farmaci; compliance adeguata, non attento; solitamente consulta i medici.',1,'[{\"added\": {}}]',7,3),(706,'2020-03-05 20:19:38.768954','481','-',1,'[{\"added\": {}}]',7,3),(707,'2020-03-05 20:20:02.131641','482','Ben informato a proposito dei farmaci; attento; conserva la documentazione ( prende appunti) ; consulta i medici',1,'[{\"added\": {}}]',7,3),(708,'2020-03-05 20:20:19.890024','483','Nessuna cognizione della situazione; considera il trapianto come una cura; nessuna visione prospettica',1,'[{\"added\": {}}]',7,3),(709,'2020-03-05 20:20:32.033958','484','-',1,'[{\"added\": {}}]',7,3),(710,'2020-03-05 20:20:53.285541','485','Presenza di alcune incongruenze o negazioni nella conoscenza; buona comprensione generale',1,'[{\"added\": {}}]',7,3),(711,'2020-03-05 20:21:02.418849','486','-',1,'[{\"added\": {}}]',7,3),(712,'2020-03-05 20:21:35.070231','487','In grado di riconoscere rischi e benefici; realistico',1,'[{\"added\": {}}]',7,3),(713,'2020-03-05 22:56:07.217009','2','Roberta  Bianchi caregiver di N° 4 - Stefania Riva',1,'[{\"added\": {}}]',8,3),(714,'2020-03-05 22:58:23.121253','9','N° 9 - Giulia Ferrari',1,'[{\"added\": {}}]',9,3),(715,'2020-03-05 22:58:30.968137','8','N° 8 - Giulia Ferrari',2,'[{\"changed\": {\"fields\": [\"Id patient\"]}}]',9,3),(716,'2020-03-05 22:58:53.358429','9','N° 9 - Giulia Ferrari',3,'',9,3);
/*!40000 ALTER TABLE `django_admin_log` ENABLE KEYS */;
UNLOCK TABLES;

--
-- Table structure for table `django_content_type`
--

DROP TABLE IF EXISTS `django_content_type`;
/*!40101 SET @saved_cs_client     = @@character_set_client */;
/*!40101 SET character_set_client = utf8 */;
CREATE TABLE `django_content_type` (
  `id` int(11) NOT NULL AUTO_INCREMENT,
  `app_label` varchar(100) NOT NULL,
  `model` varchar(100) NOT NULL,
  PRIMARY KEY (`id`),
  UNIQUE KEY `django_content_type_app_label_model_76bd3d3b_uniq` (`app_label`,`model`)
) ENGINE=InnoDB AUTO_INCREMENT=18 DEFAULT CHARSET=latin1;
/*!40101 SET character_set_client = @saved_cs_client */;

--
-- Dumping data for table `django_content_type`
--

LOCK TABLES `django_content_type` WRITE;
/*!40000 ALTER TABLE `django_content_type` DISABLE KEYS */;
INSERT INTO `django_content_type` VALUES (1,'admin','logentry'),(3,'auth','group'),(2,'auth','permission'),(4,'auth','user'),(5,'contenttypes','contenttype'),(6,'sessions','session'),(7,'surveys','answer'),(8,'surveys','caregiver'),(14,'surveys','caregiver_survey_question_answer'),(17,'surveys','diagnosistype'),(16,'surveys','gendertype'),(9,'surveys','patient'),(13,'surveys','patient_survey_question_answer'),(12,'surveys','question'),(10,'surveys','questiontype'),(11,'surveys','survey'),(15,'surveys','transplanttype');
/*!40000 ALTER TABLE `django_content_type` ENABLE KEYS */;
UNLOCK TABLES;

--
-- Table structure for table `django_migrations`
--

DROP TABLE IF EXISTS `django_migrations`;
/*!40101 SET @saved_cs_client     = @@character_set_client */;
/*!40101 SET character_set_client = utf8 */;
CREATE TABLE `django_migrations` (
  `id` int(11) NOT NULL AUTO_INCREMENT,
  `app` varchar(255) NOT NULL,
  `name` varchar(255) NOT NULL,
  `applied` datetime(6) NOT NULL,
  PRIMARY KEY (`id`)
) ENGINE=InnoDB AUTO_INCREMENT=32 DEFAULT CHARSET=latin1;
/*!40101 SET character_set_client = @saved_cs_client */;

--
-- Dumping data for table `django_migrations`
--

LOCK TABLES `django_migrations` WRITE;
/*!40000 ALTER TABLE `django_migrations` DISABLE KEYS */;
INSERT INTO `django_migrations` VALUES (1,'contenttypes','0001_initial','2020-02-13 17:02:03.212715'),(2,'auth','0001_initial','2020-02-13 17:02:03.909360'),(3,'admin','0001_initial','2020-02-13 17:02:05.949566'),(4,'admin','0002_logentry_remove_auto_add','2020-02-13 17:02:06.458589'),(5,'admin','0003_logentry_add_action_flag_choices','2020-02-13 17:02:06.523267'),(6,'contenttypes','0002_remove_content_type_name','2020-02-13 17:02:06.895440'),(7,'auth','0002_alter_permission_name_max_length','2020-02-13 17:02:06.966399'),(8,'auth','0003_alter_user_email_max_length','2020-02-13 17:02:07.044286'),(9,'auth','0004_alter_user_username_opts','2020-02-13 17:02:07.074033'),(10,'auth','0005_alter_user_last_login_null','2020-02-13 17:02:07.254552'),(11,'auth','0006_require_contenttypes_0002','2020-02-13 17:02:07.269465'),(12,'auth','0007_alter_validators_add_error_messages','2020-02-13 17:02:07.337425'),(13,'auth','0008_alter_user_username_max_length','2020-02-13 17:02:07.412995'),(14,'auth','0009_alter_user_last_name_max_length','2020-02-13 17:02:07.472408'),(15,'auth','0010_alter_group_name_max_length','2020-02-13 17:02:07.523944'),(16,'auth','0011_update_proxy_permissions','2020-02-13 17:02:07.549641'),(17,'sessions','0001_initial','2020-02-13 17:02:07.649009'),(18,'surveys','0001_initial','2020-02-13 17:02:09.776090'),(19,'surveys','0002_auto_20200213_1823','2020-02-13 17:23:09.779527'),(20,'surveys','0003_auto_20200213_2015','2020-02-13 19:15:52.432072'),(21,'surveys','0004_auto_20200213_2019','2020-02-13 19:19:27.287556'),(22,'surveys','0005_auto_20200213_2041','2020-02-13 19:41:54.424731'),(23,'surveys','0006_auto_20200214_0949','2020-02-14 08:50:02.170411'),(24,'surveys','0007_auto_20200214_0952','2020-02-14 08:52:36.764405'),(25,'surveys','0008_question_istructions_in_compound_questions','2020-02-14 09:06:01.421116'),(26,'surveys','0009_remove_question_istructions_in_compound_questions','2020-02-14 09:07:23.186283'),(27,'surveys','0010_auto_20200214_1359','2020-02-14 12:59:19.522003'),(28,'surveys','0011_auto_20200214_1403','2020-02-14 13:03:26.770603'),(29,'surveys','0012_auto_20200218_2316','2020-02-18 22:16:44.322210'),(30,'surveys','0013_auto_20200218_2317','2020-02-18 22:17:26.419093'),(31,'surveys','0014_auto_20200219_1823','2020-02-19 17:23:14.762272');
/*!40000 ALTER TABLE `django_migrations` ENABLE KEYS */;
UNLOCK TABLES;

--
-- Table structure for table `django_session`
--

DROP TABLE IF EXISTS `django_session`;
/*!40101 SET @saved_cs_client     = @@character_set_client */;
/*!40101 SET character_set_client = utf8 */;
CREATE TABLE `django_session` (
  `session_key` varchar(40) NOT NULL,
  `session_data` longtext NOT NULL,
  `expire_date` datetime(6) NOT NULL,
  PRIMARY KEY (`session_key`),
  KEY `django_session_expire_date_a5c62663` (`expire_date`)
) ENGINE=InnoDB DEFAULT CHARSET=latin1;
/*!40101 SET character_set_client = @saved_cs_client */;

--
-- Dumping data for table `django_session`
--

LOCK TABLES `django_session` WRITE;
/*!40000 ALTER TABLE `django_session` DISABLE KEYS */;
INSERT INTO `django_session` VALUES ('2ko0puu2r2gaen5euz17n8ndke2c1xvw','ZjA1YjYyZWY4NWYyM2E4ZjVmZDIwNDk4OTU0NDJlYmMyOTEzMDdkOTp7Il9hdXRoX3VzZXJfaWQiOiIyIiwiX2F1dGhfdXNlcl9iYWNrZW5kIjoiZGphbmdvLmNvbnRyaWIuYXV0aC5iYWNrZW5kcy5Nb2RlbEJhY2tlbmQiLCJfYXV0aF91c2VyX2hhc2giOiJjOTBjZjcwZDdhY2YwYmExYTBlYjZjMTkzY2JiY2MzYWY4ZGUwY2Y4In0=','2020-03-01 18:31:34.974619'),('7p2xgmiryij7f3ws5sabonlsf0cho6ip','ZGMxZGI5ODI3ZTg1YjlkMDJjMzRjZGRhZGNmNjM5NThlYTQ2OTE0Nzp7Il9hdXRoX3VzZXJfaWQiOiIzIiwiX2F1dGhfdXNlcl9iYWNrZW5kIjoiZGphbmdvLmNvbnRyaWIuYXV0aC5iYWNrZW5kcy5Nb2RlbEJhY2tlbmQiLCJfYXV0aF91c2VyX2hhc2giOiI3MGE5NzI2MTRlM2JiN2I3ZGI4MWRjMTkwMmVkODY4NmUyYjBlMmYwIn0=','2020-03-04 07:10:49.281558'),('do57mjhrt4fx178pd31ul5jmid44wq7z','ZGMxZGI5ODI3ZTg1YjlkMDJjMzRjZGRhZGNmNjM5NThlYTQ2OTE0Nzp7Il9hdXRoX3VzZXJfaWQiOiIzIiwiX2F1dGhfdXNlcl9iYWNrZW5kIjoiZGphbmdvLmNvbnRyaWIuYXV0aC5iYWNrZW5kcy5Nb2RlbEJhY2tlbmQiLCJfYXV0aF91c2VyX2hhc2giOiI3MGE5NzI2MTRlM2JiN2I3ZGI4MWRjMTkwMmVkODY4NmUyYjBlMmYwIn0=','2020-03-10 22:08:15.556922'),('uszoecvgkl4ktf6m2hshnpwme0vt4fik','MDdiNDc1MDhmNDgzMjcxZTY5OTAxMjAwOGEyMDE2MjdjZjIxOTQ3Mzp7Il9hdXRoX3VzZXJfaWQiOiIxIiwiX2F1dGhfdXNlcl9iYWNrZW5kIjoiZGphbmdvLmNvbnRyaWIuYXV0aC5iYWNrZW5kcy5Nb2RlbEJhY2tlbmQiLCJfYXV0aF91c2VyX2hhc2giOiI1YmM0OGJmOWUzYzdkMDhmMDE0OTNiZTcyMzE5MDhmZmYwOWM4MzcyIn0=','2020-02-27 17:11:54.068383');
/*!40000 ALTER TABLE `django_session` ENABLE KEYS */;
UNLOCK TABLES;

--
-- Table structure for table `surveys_answer`
--

DROP TABLE IF EXISTS `surveys_answer`;
/*!40101 SET @saved_cs_client     = @@character_set_client */;
/*!40101 SET character_set_client = utf8 */;
CREATE TABLE `surveys_answer` (
  `id` int(11) NOT NULL AUTO_INCREMENT,
  `answer_sequence_number` smallint(6) DEFAULT NULL,
  `value` varchar(300) NOT NULL,
  `question_id` int(11) NOT NULL,
  PRIMARY KEY (`id`),
  KEY `surveys_answer_question_id_c0166f3c_fk_surveys_question_id` (`question_id`),
  CONSTRAINT `surveys_answer_question_id_c0166f3c_fk_surveys_question_id` FOREIGN KEY (`question_id`) REFERENCES `surveys_question` (`id`)
) ENGINE=InnoDB AUTO_INCREMENT=506 DEFAULT CHARSET=latin1;
/*!40101 SET character_set_client = @saved_cs_client */;

--
-- Dumping data for table `surveys_answer`
--

LOCK TABLES `surveys_answer` WRITE;
/*!40000 ALTER TABLE `surveys_answer` DISABLE KEYS */;
INSERT INTO `surveys_answer` VALUES (1,1,'Eccellente',1),(2,2,'Molto buona',1),(3,3,'Buona',1),(4,4,'Passabile',1),(5,5,'Scadente',1),(6,1,'Decisamente migliore adesso rispetto ad un anno fa',2),(7,2,'Un po’ migliore adesso rispetto ad un anno fa',2),(8,3,'Più o meno uguale rispetto ad un anno fa',2),(9,4,'Un po’ peggiore adesso rispetto ad un anno fa',2),(10,5,'Decisamente peggiore adesso rispetto ad un anno fa',2),(14,1,'SI, mi limita parecchio',4),(15,2,'SI, mi limita parzialmente',4),(16,3,'NO, non mi limita per nulla',4),(17,1,'SI, mi limita parecchio',5),(18,2,'SI, mi limita parzialmente',5),(19,3,'NO, non mi limita per nulla',5),(20,1,'SI, mi limita parecchio',6),(21,2,'SI, mi limita parzialmente',6),(22,3,'NO, non mi limita per nulla',6),(23,1,'SI, mi limita parecchio',7),(24,2,'SI, mi limita parzialmente',7),(25,3,'NO, non mi limita per nulla',7),(26,1,'SI, mi limita parecchio',8),(27,2,'SI, mi limita parzialmente',8),(28,3,'NO, non mi limita per nulla',8),(29,1,'SI, mi limita parecchio',9),(30,2,'SI, mi limita parzialmente',9),(31,3,'NO, non mi limita per nulla',9),(32,1,'SI, mi limita parecchio',10),(33,2,'SI, mi limita parzialmente',10),(34,3,'NO, non mi limita per nulla',10),(35,1,'SI, mi limita parecchio',11),(36,2,'SI, mi limita parzialmente',11),(37,3,'NO, non mi limita per nulla',11),(38,1,'SI, mi limita parecchio',12),(39,2,'SI, mi limita parzialmente',12),(40,3,'NO, non mi limita per nulla',12),(41,1,'SI, mi limita parecchio',13),(42,2,'SI, mi limita parzialmente',13),(43,3,'NO, non mi limita per nulla',13),(44,1,'SI',15),(45,2,'NO',15),(46,1,'SI',16),(47,2,'NO',16),(48,1,'SI',17),(49,2,'NO',17),(50,1,'SI',18),(51,2,'NO',18),(52,1,'SI',21),(53,2,'NO',21),(54,1,'SI',20),(55,2,'NO',20),(56,1,'SI',22),(57,2,'NO',22),(58,1,'Sempre',27),(59,2,'Quasi sempre',27),(60,3,'Molto tempo',27),(61,4,'Una parte del tempo',27),(62,5,'Quasi mai',27),(63,6,'Mai',27),(64,1,'Sempre',28),(65,2,'Quasi sempre',28),(66,3,'Molto tempo',28),(67,4,'Una parte del tempo',28),(68,5,'Quasi mai',28),(69,6,'Mai',28),(70,1,'Sempre',29),(71,2,'Quasi sempre',29),(72,3,'Molto tempo',29),(73,4,'Una parte del tempo',29),(74,5,'Quasi mai',29),(75,6,'Mai',29),(76,1,'Sempre',30),(77,2,'Quasi sempre',30),(78,3,'Molto tempo',30),(79,4,'Una parte del tempo',30),(80,5,'Quasi mai',30),(81,6,'Mai',30),(82,1,'Sempre',31),(83,2,'Quasi sempre',31),(84,3,'Molto tempo',31),(85,4,'Una parte del tempo',31),(86,5,'Quasi mai',31),(87,6,'Mai',31),(88,1,'Sempre',32),(89,2,'Quasi sempre',32),(90,3,'Molto tempo',32),(91,4,'Una parte del tempo',32),(92,5,'Quasi mai',32),(93,6,'Mai',32),(94,1,'Sempre',33),(95,2,'Quasi sempre',33),(96,3,'Molto tempo',33),(97,4,'Una parte del tempo',33),(98,5,'Quasi mai',33),(99,6,'Mai',33),(100,1,'Sempre',34),(101,2,'Quasi sempre',34),(102,3,'Molto tempo',34),(103,4,'Una parte del tempo',34),(104,5,'Quasi mai',34),(105,6,'Mai',34),(106,1,'Sempre',35),(107,2,'Quasi sempre',35),(108,3,'Molto tempo',35),(109,4,'Una parte del tempo',35),(110,5,'Quasi mai',35),(111,6,'Mai',35),(112,1,'Per Nulla',23),(113,2,'Leggermente',23),(114,3,'Un pò',23),(115,4,'Molto',23),(116,5,'Moltissimo',23),(117,1,'Nessuno',24),(118,2,'Molto Lieve',24),(119,3,'Lieve',24),(120,4,'Moderato',24),(121,5,'Forte',24),(122,6,'Molto forte',24),(123,1,'Per Nulla',25),(124,2,'Molto poco',25),(125,3,'Un pò',25),(126,4,'Molto',25),(127,5,'Moltissimo',25),(140,1,'Sempre',36),(141,2,'Quasi sempre',36),(142,3,'Una parte del tempo',36),(143,4,'Quasi mai',36),(144,5,'Mai',36),(145,1,'Certamente vero',38),(146,2,'In gran parte vero',38),(147,3,'Non so',38),(148,4,'In gran parte falso',38),(149,5,'Certamente falso',38),(150,1,'Certamente vero',39),(151,2,'In gran parte vero',39),(152,3,'Non so',39),(153,4,'In gran parte falso',39),(154,5,'Certamente falso',39),(155,1,'Certamente vero',40),(156,2,'In gran parte vero',40),(157,3,'Non so',40),(158,4,'In gran parte falso',40),(159,5,'Certamente falso',40),(160,1,'Certamente vero',41),(161,2,'In gran parte vero',41),(162,3,'Non so',41),(163,4,'In gran parte falso',41),(164,5,'Certamente falso',41),(165,1,'Per Nulla',55),(166,2,'Poco',55),(167,3,'Abbastanza',55),(168,4,'Molto',55),(169,5,'Moltissimo',55),(170,1,'Per Nulla',43),(171,2,'Poco',43),(172,3,'Abbastanza',43),(173,4,'Molto',43),(174,5,'Moltissimo',43),(175,1,'Per Nulla',44),(176,2,'Poco',44),(177,3,'Abbastanza',44),(178,4,'Molto',44),(179,5,'Moltissimo',44),(180,1,'Per Nulla',45),(181,2,'Poco',45),(182,3,'Abbastanza',45),(183,4,'Molto',45),(184,5,'Moltissimo',45),(185,1,'Per Nulla',46),(186,2,'Poco',46),(187,3,'Abbastanza',46),(188,4,'Molto',46),(189,5,'Moltissimo',46),(190,1,'Per Nulla',47),(191,2,'Poco',47),(192,3,'Abbastanza',47),(193,4,'Molto',47),(194,5,'Moltissimo',47),(195,1,'Per Nulla',48),(196,2,'Poco',48),(197,3,'Abbastanza',48),(198,4,'Molto',48),(199,5,'Moltissimo',48),(200,1,'Per Nulla',49),(201,2,'Poco',49),(202,3,'Abbastanza',49),(203,4,'Molto',49),(204,5,'Moltissimo',49),(205,1,'Per Nulla',50),(206,2,'Poco',50),(207,3,'Abbastanza',50),(208,4,'Molto',50),(209,5,'Moltissimo',50),(210,1,'Per Nulla',51),(211,1,'Poco',51),(212,3,'Abbastanza',51),(213,4,'Molto',51),(214,5,'Moltissimo',51),(215,1,'Per Nulla',52),(216,2,'Poco',52),(217,3,'Abbastanza',52),(218,4,'Molto',52),(219,5,'Moltissimo',52),(220,1,'Per Nulla',53),(221,2,'Poco',53),(222,3,'Abbastanza',53),(223,4,'Molto',53),(224,5,'Moltissimo',53),(225,1,'Per Nulla',54),(226,2,'Poco',54),(227,3,'Abbastanza',54),(228,4,'Molto',54),(229,5,'Moltissimo',54),(230,1,'Per Nulla',56),(231,2,'Poco',56),(232,3,'Abbastanza',56),(233,4,'Molto',56),(234,5,'Moltissimo',56),(235,1,'Per Nulla',57),(236,2,'Poco',57),(237,3,'Abbastanza',57),(238,4,'Molto',57),(239,5,'Moltissimo',57),(240,1,'Per Nulla',58),(241,2,'Poco',58),(242,3,'Abbastanza',58),(243,4,'Molto',58),(244,5,'Moltissimo',58),(245,1,'Per Nulla',59),(246,2,'Poco',59),(247,3,'Abbastanza',59),(248,4,'Molto',59),(249,5,'Moltissimo',59),(250,1,'Per Nulla',60),(251,2,'Poco',60),(252,3,'Abbastanza',60),(253,4,'Molto',60),(254,5,'Moltissimo',60),(255,1,'Per Nulla',61),(256,2,'Poco',61),(257,3,'Abbastanza',61),(258,4,'Molto',61),(259,5,'Moltissimo',61),(260,1,'Per Nulla',62),(261,2,'Poco',62),(262,3,'Abbastanza',62),(263,4,'Molto',62),(264,5,'Moltissimo',62),(265,1,'Per Nulla',63),(266,2,'Poco',63),(267,3,'Abbastanza',63),(268,4,'Molto',63),(269,5,'Moltissimo',63),(270,1,'Per Nulla',64),(271,2,'Poco',64),(272,3,'Abbastanza',64),(273,4,'Molto',64),(274,5,'Moltissimo',64),(275,1,'Per Nulla',65),(276,2,'Poco',65),(277,3,'Abbastanza',65),(278,4,'Molto',65),(279,5,'Moltissimo',65),(280,1,'Per Nulla',66),(281,2,'Poco',66),(282,3,'Abbastanza',66),(283,4,'Molto',66),(284,5,'Moltissimo',66),(285,1,'Per Nulla',67),(286,2,'Poco',67),(287,3,'Abbastanza',67),(288,4,'Molto',67),(289,5,'Moltissimo',67),(290,1,'Per Nulla',68),(291,2,'Poco',68),(292,3,'Abbastanza',68),(293,4,'Molto',68),(294,5,'Moltissimo',68),(295,1,'Si',70),(296,2,'No',70),(297,1,'Si',71),(298,2,'No',71),(299,1,'Si',72),(300,2,'No',72),(301,1,'Si',73),(302,2,'No',73),(303,1,'Si',74),(304,2,'No',74),(305,1,'Si',75),(306,2,'No',75),(307,1,'Si',76),(308,2,'No',76),(309,1,'Si',77),(310,2,'No',77),(311,1,'Si',78),(312,2,'No',78),(313,1,'Si',79),(314,2,'No',79),(315,1,'Si',80),(316,2,'No',80),(317,1,'Si',81),(318,2,'No',81),(319,1,'Si',82),(320,2,'No',82),(321,1,'Si',83),(322,2,'No',83),(323,1,'Si',84),(324,2,'No',84),(325,1,'Si',85),(326,2,'No',85),(327,1,'Si',86),(328,2,'No',86),(329,1,'Si',87),(330,2,'No',87),(331,1,'Si',88),(332,2,'No',88),(333,1,'Si',89),(334,2,'No',89),(335,1,'Si',90),(336,2,'No',90),(337,1,'Si',91),(338,2,'No',91),(341,1,'Prova',93),(342,1,'Difficoltà abitative',96),(343,2,'Difficoltà scolastiche/lavorative',96),(344,3,'Difficoltà di trasporto',96),(345,4,'Difficoltà ad occuparsi dei figli',96),(346,1,'Difficoltà nel rapporto con il partner',100),(347,2,'Difficoltà nel rapporto con i figli',100),(348,3,'Difficoltà nel rapporto con altri familiari',100),(349,4,'Difficoltà nel rapporto con amici, colleghi',100),(350,1,'Preoccupazione',97),(351,2,'Tristezza',97),(352,3,'Paura',97),(353,4,'Depressione',97),(354,5,'Nervosismo',97),(355,1,'Carenza di convinzioni profonde/valori in grado di dare significato alla Sua vita',98),(356,2,'Difficoltà a dare un senso alla Sua malattia',98),(357,3,'Impossibilità a dialogare apertamente con persone che abbiano vissuto la Sua stessa situazione',98),(358,4,'Difficoltà a trovare una persona con cui parlare apertamente di questioni riguardanti il significato della vita',98),(359,1,'Dolore',99),(360,2,'Nausea',99),(361,3,'Affaticabilità/stanchezza',99),(362,4,'Insonnia',99),(363,5,'Problemi a spostarsi autonomamente',99),(364,6,'Problemi respiratori',99),(365,7,'Infiammazioni alla bocca',99),(366,8,'Problemi ad alimentarsi',99),(367,9,'Difficoltà a digerire',99),(368,10,'Stipsi/diarrea',99),(369,11,'Cambiamenti nella funzione urinaria',99),(370,12,'Febbre',99),(371,13,'Secchezza della cute/prurito',99),(372,14,'Secchezza della mucosa nasale',99),(373,15,'Formicolio alle mani o ai piedi',99),(374,16,'Senso di gonfiore',99),(375,17,'Problemi sessuali',99),(376,NULL,'0',94),(377,NULL,'2',94),(378,NULL,'3',94),(379,NULL,'4',94),(380,NULL,'5',94),(381,NULL,'6',94),(382,NULL,'7',94),(383,NULL,'8',94),(384,NULL,'9',94),(385,NULL,'10',94),(386,NULL,'1',94),(387,1,'Si',103),(388,2,'No',103),(389,1,'Si',104),(390,2,'No',104),(391,1,'Si',105),(392,2,'No',105),(393,1,'Si',106),(394,2,'No',106),(395,1,'Si',107),(396,2,'No',107),(397,1,'Si',108),(398,2,'No',108),(399,1,'Si',109),(400,2,'No',109),(401,1,'Si',110),(402,2,'No',110),(403,1,'Si',111),(404,2,'No',111),(405,1,'Si',112),(406,2,'No',112),(407,1,'Si',113),(408,2,'No',113),(409,1,'Si',115),(410,2,'No',115),(411,1,'Si',116),(412,2,'No',116),(413,1,'Si',117),(414,2,'No',117),(415,1,'Si',118),(416,2,'No',118),(417,1,'Si',119),(418,2,'No',119),(419,1,'Si',120),(420,2,'No',120),(421,1,'Si',121),(422,2,'No',121),(423,1,'Si',122),(424,2,'No',122),(425,1,'Si',123),(426,2,'No',123),(427,1,'Si',124),(428,2,'No',124),(429,1,'Si',125),(430,2,'No',125),(431,1,'Si',126),(432,2,'No',126),(433,1,'Si',127),(434,2,'No',127),(435,1,'Si',128),(436,2,'No',128),(437,1,'Si',129),(438,2,'No',129),(439,1,'Si',130),(440,2,'No',130),(441,1,'Si',131),(442,2,'No',131),(443,1,'Si',132),(444,2,'No',132),(445,1,'Si',114),(446,2,'No',114),(447,NULL,'IEFBIUEF',93),(448,1,'Assenza di legami interpersonali forti o relazioni altamente instabili',135),(449,2,'-',135),(450,3,'Presenza di alcune relazioni stabili. Presenza evidente di alcuni problemi',135),(451,4,'-',135),(452,5,'Relazione stabile e seria, forte coinvolgimento familiare. Le persone d’aiuto hanno un buon livello di funzionamento mentale.',135),(453,1,'Supporto non disponibile',136),(454,2,'-',136),(455,3,'Disponibilità di supporto limitata da fattori emotivi o geografici',136),(456,4,'-',136),(457,5,'Nello stesso luogo (città) durante tutto il percorso . emotivamente di supporto',136),(458,1,'Grave psicopatologia in corso ( schizofrenia, depressioni ricorrenti, disturbi di personalità)',138),(459,2,'-',138),(460,3,'Moderate difficoltà di adattamento e coping ( ansia reattiva, depressione correlata alla situazione)',138),(461,4,'-',138),(462,5,'Adeguatamente compensato',138),(463,1,'Rilevante storia familiare di psicopatologia maggiore . Precedente stria psichiatrica del paziente',139),(464,2,'-',139),(465,3,'Periodi di scarsa capacità di coping . Discreta vulnerabilità psicologica ai trattamenti medici . Storia familiare di patologia psichiatrica maggiore.',139),(466,4,'-',139),(467,5,'Assenza di storia familiare di patologia psichiatrica assenza di scarsa capacità di coping',139),(468,1,'Stile di vita sedentario ; importanti problemi di dieta, fumo. Resistente ai cambiamenti',141),(469,2,'-',141),(470,3,'Alcuni cambiamenti dello stile di vita. Necessita di ulteriori informazioni, per ridurre e gestire meglio le condotte a rischio.',141),(471,4,'-',141),(472,5,'Notevoli cambiamenti nello stile di vita; assenza di rilevanti fattori di rischio; volontà di cambiamento',141),(473,1,'Dipendenza, riluttanza al cambiamento',142),(474,2,'-',142),(475,3,'Uso moderato, non quotidiano. Volontà di smettere',142),(476,4,'-',142),(477,5,'Astinenza o uso molto sporadico',142),(478,1,'Compliance non attendibile, indifferente (non consulta i medici)',143),(479,2,'-',143),(480,3,'Ben informato a proposito dei farmaci; compliance adeguata, non attento; solitamente consulta i medici.',143),(481,4,'-',143),(482,5,'Ben informato a proposito dei farmaci; attento; conserva la documentazione ( prende appunti) ; consulta i medici',143),(483,1,'Nessuna cognizione della situazione; considera il trapianto come una cura; nessuna visione prospettica',145),(484,2,'-',145),(485,3,'Presenza di alcune incongruenze o negazioni nella conoscenza; buona comprensione generale',145),(486,4,'-',145),(487,5,'In grado di riconoscere rischi e benefici; realistico',145),(488,NULL,'Nessuno',96),(489,NULL,'Nessuno',100),(490,NULL,'Nessuno',97),(491,NULL,'Nessuno',98),(493,NULL,'Nessuno',99),(495,NULL,'prova7',101),(496,NULL,'prova9',102),(497,NULL,'P7',101),(498,NULL,'P9',102),(502,NULL,'',101),(503,NULL,'',102),(504,NULL,'prova2',102),(505,NULL,'prova3',101);
/*!40000 ALTER TABLE `surveys_answer` ENABLE KEYS */;
UNLOCK TABLES;

--
-- Table structure for table `surveys_caregiver`
--

DROP TABLE IF EXISTS `surveys_caregiver`;
/*!40101 SET @saved_cs_client     = @@character_set_client */;
/*!40101 SET character_set_client = utf8 */;
CREATE TABLE `surveys_caregiver` (
  `id` int(11) NOT NULL AUTO_INCREMENT,
  `name` varchar(50) NOT NULL,
  `surname` varchar(50) NOT NULL,
  `gender_id` varchar(50) NOT NULL,
  `birth_date` date DEFAULT NULL,
  `relationship_with_patient` varchar(200) NOT NULL,
  `number_of_sons` smallint(6) DEFAULT NULL,
  `cohabitant` tinyint(1) NOT NULL,
  `patient_id` int(11) NOT NULL,
  `notes` longtext,
  PRIMARY KEY (`id`),
  KEY `surveys_caregiver_patient_id_a7666a62_fk_surveys_p` (`patient_id`),
  KEY `surveys_caregiver_gender_id_35a403d5` (`gender_id`),
  CONSTRAINT `surveys_caregiver_gender_id_35a403d5_fk_surveys_gendertype_value` FOREIGN KEY (`gender_id`) REFERENCES `surveys_gendertype` (`value`),
  CONSTRAINT `surveys_caregiver_patient_id_a7666a62_fk_surveys_p` FOREIGN KEY (`patient_id`) REFERENCES `surveys_patient` (`id_patient`)
) ENGINE=InnoDB AUTO_INCREMENT=3 DEFAULT CHARSET=latin1;
/*!40101 SET character_set_client = @saved_cs_client */;

--
-- Dumping data for table `surveys_caregiver`
--

LOCK TABLES `surveys_caregiver` WRITE;
/*!40000 ALTER TABLE `surveys_caregiver` DISABLE KEYS */;
INSERT INTO `surveys_caregiver` VALUES (1,'Roberto','Bianchi','M','1964-11-23','Father',1,1,1,NULL),(2,'Roberta','Bianchi','F',NULL,'Mother',NULL,1,4,'');
/*!40000 ALTER TABLE `surveys_caregiver` ENABLE KEYS */;
UNLOCK TABLES;

--
-- Table structure for table `surveys_caregiver_survey_question_answer`
--

DROP TABLE IF EXISTS `surveys_caregiver_survey_question_answer`;
/*!40101 SET @saved_cs_client     = @@character_set_client */;
/*!40101 SET character_set_client = utf8 */;
CREATE TABLE `surveys_caregiver_survey_question_answer` (
  `id` int(11) NOT NULL AUTO_INCREMENT,
  `date` date NOT NULL,
  `answer_id` int(11) NOT NULL,
  `caregiver_id` int(11) NOT NULL,
  `question_id` int(11) NOT NULL,
  `survey_id` varchar(100) NOT NULL,
  PRIMARY KEY (`id`),
  KEY `surveys_caregiver_su_answer_id_71abf9aa_fk_surveys_a` (`answer_id`),
  KEY `surveys_caregiver_su_caregiver_id_0c5d7e13_fk_surveys_c` (`caregiver_id`),
  KEY `surveys_caregiver_su_question_id_df4ab4e4_fk_surveys_q` (`question_id`),
  KEY `surveys_caregiver_su_survey_id_e109a60c_fk_surveys_s` (`survey_id`),
  CONSTRAINT `surveys_caregiver_su_answer_id_71abf9aa_fk_surveys_a` FOREIGN KEY (`answer_id`) REFERENCES `surveys_answer` (`id`) ON DELETE CASCADE,
  CONSTRAINT `surveys_caregiver_su_caregiver_id_0c5d7e13_fk_surveys_c` FOREIGN KEY (`caregiver_id`) REFERENCES `surveys_caregiver` (`id`) ON DELETE CASCADE,
  CONSTRAINT `surveys_caregiver_su_question_id_df4ab4e4_fk_surveys_q` FOREIGN KEY (`question_id`) REFERENCES `surveys_question` (`id`) ON DELETE CASCADE,
  CONSTRAINT `surveys_caregiver_su_survey_id_e109a60c_fk_surveys_s` FOREIGN KEY (`survey_id`) REFERENCES `surveys_survey` (`name`) ON DELETE CASCADE
) ENGINE=InnoDB AUTO_INCREMENT=61 DEFAULT CHARSET=latin1;
/*!40101 SET character_set_client = @saved_cs_client */;

--
-- Dumping data for table `surveys_caregiver_survey_question_answer`
--

LOCK TABLES `surveys_caregiver_survey_question_answer` WRITE;
/*!40000 ALTER TABLE `surveys_caregiver_survey_question_answer` DISABLE KEYS */;
INSERT INTO `surveys_caregiver_survey_question_answer` VALUES (1,'2020-03-04',387,1,103,'Family Strain Questionnaire - Short Form'),(2,'2020-03-04',389,1,104,'Family Strain Questionnaire - Short Form'),(3,'2020-03-04',391,1,105,'Family Strain Questionnaire - Short Form'),(4,'2020-03-04',393,1,106,'Family Strain Questionnaire - Short Form'),(5,'2020-03-04',395,1,107,'Family Strain Questionnaire - Short Form'),(6,'2020-03-04',397,1,108,'Family Strain Questionnaire - Short Form'),(7,'2020-03-04',399,1,109,'Family Strain Questionnaire - Short Form'),(8,'2020-03-04',401,1,110,'Family Strain Questionnaire - Short Form'),(9,'2020-03-04',403,1,111,'Family Strain Questionnaire - Short Form'),(10,'2020-03-04',405,1,112,'Family Strain Questionnaire - Short Form'),(11,'2020-03-04',407,1,113,'Family Strain Questionnaire - Short Form'),(12,'2020-03-04',445,1,114,'Family Strain Questionnaire - Short Form'),(13,'2020-03-04',409,1,115,'Family Strain Questionnaire - Short Form'),(14,'2020-03-04',411,1,116,'Family Strain Questionnaire - Short Form'),(15,'2020-03-04',413,1,117,'Family Strain Questionnaire - Short Form'),(16,'2020-03-04',415,1,118,'Family Strain Questionnaire - Short Form'),(17,'2020-03-04',417,1,119,'Family Strain Questionnaire - Short Form'),(18,'2020-03-04',419,1,120,'Family Strain Questionnaire - Short Form'),(19,'2020-03-04',421,1,121,'Family Strain Questionnaire - Short Form'),(20,'2020-03-04',423,1,122,'Family Strain Questionnaire - Short Form'),(21,'2020-03-04',425,1,123,'Family Strain Questionnaire - Short Form'),(22,'2020-03-04',427,1,124,'Family Strain Questionnaire - Short Form'),(23,'2020-03-04',429,1,125,'Family Strain Questionnaire - Short Form'),(24,'2020-03-04',431,1,126,'Family Strain Questionnaire - Short Form'),(25,'2020-03-04',433,1,127,'Family Strain Questionnaire - Short Form'),(26,'2020-03-04',435,1,128,'Family Strain Questionnaire - Short Form'),(27,'2020-03-04',437,1,129,'Family Strain Questionnaire - Short Form'),(28,'2020-03-04',439,1,130,'Family Strain Questionnaire - Short Form'),(29,'2020-03-04',441,1,131,'Family Strain Questionnaire - Short Form'),(30,'2020-03-04',443,1,132,'Family Strain Questionnaire - Short Form'),(31,'2020-03-05',387,2,103,'Family Strain Questionnaire - Short Form'),(32,'2020-03-05',389,2,104,'Family Strain Questionnaire - Short Form'),(33,'2020-03-05',391,2,105,'Family Strain Questionnaire - Short Form'),(34,'2020-03-05',393,2,106,'Family Strain Questionnaire - Short Form'),(35,'2020-03-05',395,2,107,'Family Strain Questionnaire - Short Form'),(36,'2020-03-05',397,2,108,'Family Strain Questionnaire - Short Form'),(37,'2020-03-05',399,2,109,'Family Strain Questionnaire - Short Form'),(38,'2020-03-05',401,2,110,'Family Strain Questionnaire - Short Form'),(39,'2020-03-05',403,2,111,'Family Strain Questionnaire - Short Form'),(40,'2020-03-05',405,2,112,'Family Strain Questionnaire - Short Form'),(41,'2020-03-05',407,2,113,'Family Strain Questionnaire - Short Form'),(42,'2020-03-05',445,2,114,'Family Strain Questionnaire - Short Form'),(43,'2020-03-05',409,2,115,'Family Strain Questionnaire - Short Form'),(44,'2020-03-05',411,2,116,'Family Strain Questionnaire - Short Form'),(45,'2020-03-05',413,2,117,'Family Strain Questionnaire - Short Form'),(46,'2020-03-05',415,2,118,'Family Strain Questionnaire - Short Form'),(47,'2020-03-05',417,2,119,'Family Strain Questionnaire - Short Form'),(48,'2020-03-05',419,2,120,'Family Strain Questionnaire - Short Form'),(49,'2020-03-05',421,2,121,'Family Strain Questionnaire - Short Form'),(50,'2020-03-05',423,2,122,'Family Strain Questionnaire - Short Form'),(51,'2020-03-05',425,2,123,'Family Strain Questionnaire - Short Form'),(52,'2020-03-05',427,2,124,'Family Strain Questionnaire - Short Form'),(53,'2020-03-05',429,2,125,'Family Strain Questionnaire - Short Form'),(54,'2020-03-05',431,2,126,'Family Strain Questionnaire - Short Form'),(55,'2020-03-05',433,2,127,'Family Strain Questionnaire - Short Form'),(56,'2020-03-05',435,2,128,'Family Strain Questionnaire - Short Form'),(57,'2020-03-05',437,2,129,'Family Strain Questionnaire - Short Form'),(58,'2020-03-05',439,2,130,'Family Strain Questionnaire - Short Form'),(59,'2020-03-05',441,2,131,'Family Strain Questionnaire - Short Form'),(60,'2020-03-05',443,2,132,'Family Strain Questionnaire - Short Form');
/*!40000 ALTER TABLE `surveys_caregiver_survey_question_answer` ENABLE KEYS */;
UNLOCK TABLES;

--
-- Table structure for table `surveys_diagnosistype`
--

DROP TABLE IF EXISTS `surveys_diagnosistype`;
/*!40101 SET @saved_cs_client     = @@character_set_client */;
/*!40101 SET character_set_client = utf8 */;
CREATE TABLE `surveys_diagnosistype` (
  `value` varchar(50) NOT NULL,
  PRIMARY KEY (`value`)
) ENGINE=InnoDB DEFAULT CHARSET=latin1;
/*!40101 SET character_set_client = @saved_cs_client */;

--
-- Dumping data for table `surveys_diagnosistype`
--

LOCK TABLES `surveys_diagnosistype` WRITE;
/*!40000 ALTER TABLE `surveys_diagnosistype` DISABLE KEYS */;
/*!40000 ALTER TABLE `surveys_diagnosistype` ENABLE KEYS */;
UNLOCK TABLES;

--
-- Table structure for table `surveys_gendertype`
--

DROP TABLE IF EXISTS `surveys_gendertype`;
/*!40101 SET @saved_cs_client     = @@character_set_client */;
/*!40101 SET character_set_client = utf8 */;
CREATE TABLE `surveys_gendertype` (
  `value` varchar(50) NOT NULL,
  PRIMARY KEY (`value`)
) ENGINE=InnoDB DEFAULT CHARSET=latin1;
/*!40101 SET character_set_client = @saved_cs_client */;

--
-- Dumping data for table `surveys_gendertype`
--

LOCK TABLES `surveys_gendertype` WRITE;
/*!40000 ALTER TABLE `surveys_gendertype` DISABLE KEYS */;
INSERT INTO `surveys_gendertype` VALUES ('F'),('M');
/*!40000 ALTER TABLE `surveys_gendertype` ENABLE KEYS */;
UNLOCK TABLES;

--
-- Table structure for table `surveys_patient`
--

DROP TABLE IF EXISTS `surveys_patient`;
/*!40101 SET @saved_cs_client     = @@character_set_client */;
/*!40101 SET character_set_client = utf8 */;
CREATE TABLE `surveys_patient` (
  `id_patient` int(11) NOT NULL,
  `name` varchar(50) NOT NULL,
  `surname` varchar(50) NOT NULL,
  `gender_id` varchar(50) NOT NULL,
  `birth_date` date DEFAULT NULL,
  `recovery_date` date DEFAULT NULL,
  `transplant_date` date DEFAULT NULL,
  `diagnosis_date` date DEFAULT NULL,
  `transplant_type_id` varchar(50) DEFAULT NULL,
  `number_of_sons` smallint(6) DEFAULT NULL,
  `discharge_date` date DEFAULT NULL,
  `diagnosis_type_id` varchar(50) DEFAULT NULL,
  PRIMARY KEY (`id_patient`),
  KEY `surveys_patient_transplant_type_id_7abdc987` (`transplant_type_id`),
  KEY `surveys_patient_gender_id_a4d4ae35` (`gender_id`),
  KEY `surveys_patient_diagnosis_type_id_3c27c4d6_fk_surveys_d` (`diagnosis_type_id`),
  CONSTRAINT `surveys_patient_diagnosis_type_id_3c27c4d6_fk_surveys_d` FOREIGN KEY (`diagnosis_type_id`) REFERENCES `surveys_diagnosistype` (`value`),
  CONSTRAINT `surveys_patient_gender_id_a4d4ae35_fk_surveys_gendertype_value` FOREIGN KEY (`gender_id`) REFERENCES `surveys_gendertype` (`value`),
  CONSTRAINT `surveys_patient_transplant_type_id_7abdc987_fk_surveys_t` FOREIGN KEY (`transplant_type_id`) REFERENCES `surveys_transplanttype` (`value`)
) ENGINE=InnoDB DEFAULT CHARSET=latin1;
/*!40101 SET character_set_client = @saved_cs_client */;

--
-- Dumping data for table `surveys_patient`
--

LOCK TABLES `surveys_patient` WRITE;
/*!40000 ALTER TABLE `surveys_patient` DISABLE KEYS */;
INSERT INTO `surveys_patient` VALUES (1,'Luigi','Rossi','M','1997-08-27','2020-04-13','2020-04-15','2020-04-25','MUD',0,NULL,NULL),(2,'Roberto','Maggio','M',NULL,NULL,NULL,NULL,NULL,NULL,NULL,NULL),(3,'Giacomo','Allegri','M',NULL,NULL,NULL,NULL,NULL,NULL,NULL,NULL),(4,'Stefania','Riva','F',NULL,NULL,NULL,NULL,NULL,NULL,NULL,NULL),(5,'Monica','Geller','F',NULL,NULL,NULL,NULL,NULL,NULL,NULL,NULL),(6,'Chandler','Bing','M',NULL,NULL,NULL,NULL,NULL,NULL,NULL,NULL),(8,'Giulia','Ferrari','F',NULL,NULL,NULL,NULL,NULL,NULL,NULL,NULL);
/*!40000 ALTER TABLE `surveys_patient` ENABLE KEYS */;
UNLOCK TABLES;

--
-- Table structure for table `surveys_patient_survey_question_answer`
--

DROP TABLE IF EXISTS `surveys_patient_survey_question_answer`;
/*!40101 SET @saved_cs_client     = @@character_set_client */;
/*!40101 SET character_set_client = utf8 */;
CREATE TABLE `surveys_patient_survey_question_answer` (
  `id` int(11) NOT NULL AUTO_INCREMENT,
  `date` date NOT NULL,
  `answer_id` int(11) NOT NULL,
  `patient_id` int(11) NOT NULL,
  `question_id` int(11) NOT NULL,
  `survey_id` varchar(100) NOT NULL,
  PRIMARY KEY (`id`),
  KEY `surveys_patient_surv_answer_id_7d63d14f_fk_surveys_a` (`answer_id`),
  KEY `surveys_patient_surv_patient_id_dc4abced_fk_surveys_p` (`patient_id`),
  KEY `surveys_patient_surv_question_id_7b7a1f7f_fk_surveys_q` (`question_id`),
  KEY `surveys_patient_surv_survey_id_1305212c_fk_surveys_s` (`survey_id`),
  CONSTRAINT `surveys_patient_surv_answer_id_7d63d14f_fk_surveys_a` FOREIGN KEY (`answer_id`) REFERENCES `surveys_answer` (`id`) ON DELETE CASCADE,
  CONSTRAINT `surveys_patient_surv_patient_id_dc4abced_fk_surveys_p` FOREIGN KEY (`patient_id`) REFERENCES `surveys_patient` (`id_patient`) ON DELETE CASCADE,
  CONSTRAINT `surveys_patient_surv_question_id_7b7a1f7f_fk_surveys_q` FOREIGN KEY (`question_id`) REFERENCES `surveys_question` (`id`) ON DELETE CASCADE,
  CONSTRAINT `surveys_patient_surv_survey_id_1305212c_fk_surveys_s` FOREIGN KEY (`survey_id`) REFERENCES `surveys_survey` (`name`) ON DELETE CASCADE
) ENGINE=InnoDB AUTO_INCREMENT=974 DEFAULT CHARSET=latin1;
/*!40101 SET character_set_client = @saved_cs_client */;

--
-- Dumping data for table `surveys_patient_survey_question_answer`
--

LOCK TABLES `surveys_patient_survey_question_answer` WRITE;
/*!40000 ALTER TABLE `surveys_patient_survey_question_answer` DISABLE KEYS */;
INSERT INTO `surveys_patient_survey_question_answer` VALUES (534,'2020-02-29',1,1,1,'SF-36 (V1) STANDARD'),(535,'2020-02-29',6,1,2,'SF-36 (V1) STANDARD'),(536,'2020-02-29',14,1,4,'SF-36 (V1) STANDARD'),(537,'2020-02-29',17,1,5,'SF-36 (V1) STANDARD'),(538,'2020-02-29',20,1,6,'SF-36 (V1) STANDARD'),(539,'2020-02-29',23,1,7,'SF-36 (V1) STANDARD'),(540,'2020-02-29',26,1,8,'SF-36 (V1) STANDARD'),(541,'2020-02-29',29,1,9,'SF-36 (V1) STANDARD'),(542,'2020-02-29',32,1,10,'SF-36 (V1) STANDARD'),(543,'2020-02-29',35,1,11,'SF-36 (V1) STANDARD'),(544,'2020-02-29',38,1,12,'SF-36 (V1) STANDARD'),(545,'2020-02-29',41,1,13,'SF-36 (V1) STANDARD'),(546,'2020-02-29',44,1,15,'SF-36 (V1) STANDARD'),(547,'2020-02-29',46,1,16,'SF-36 (V1) STANDARD'),(548,'2020-02-29',48,1,17,'SF-36 (V1) STANDARD'),(549,'2020-02-29',50,1,18,'SF-36 (V1) STANDARD'),(550,'2020-02-29',54,1,20,'SF-36 (V1) STANDARD'),(551,'2020-02-29',52,1,21,'SF-36 (V1) STANDARD'),(552,'2020-02-29',56,1,22,'SF-36 (V1) STANDARD'),(553,'2020-02-29',112,1,23,'SF-36 (V1) STANDARD'),(554,'2020-02-29',117,1,24,'SF-36 (V1) STANDARD'),(555,'2020-02-29',123,1,25,'SF-36 (V1) STANDARD'),(556,'2020-02-29',58,1,27,'SF-36 (V1) STANDARD'),(557,'2020-02-29',64,1,28,'SF-36 (V1) STANDARD'),(558,'2020-02-29',70,1,29,'SF-36 (V1) STANDARD'),(559,'2020-02-29',76,1,30,'SF-36 (V1) STANDARD'),(560,'2020-02-29',82,1,31,'SF-36 (V1) STANDARD'),(561,'2020-02-29',88,1,32,'SF-36 (V1) STANDARD'),(562,'2020-02-29',94,1,33,'SF-36 (V1) STANDARD'),(563,'2020-02-29',100,1,34,'SF-36 (V1) STANDARD'),(564,'2020-02-29',106,1,35,'SF-36 (V1) STANDARD'),(565,'2020-02-29',140,1,36,'SF-36 (V1) STANDARD'),(566,'2020-02-29',145,1,38,'SF-36 (V1) STANDARD'),(567,'2020-02-29',150,1,39,'SF-36 (V1) STANDARD'),(568,'2020-02-29',155,1,40,'SF-36 (V1) STANDARD'),(569,'2020-02-29',160,1,41,'SF-36 (V1) STANDARD'),(570,'2020-03-01',1,1,1,'SF-36 (V1) STANDARD'),(571,'2020-03-01',6,1,2,'SF-36 (V1) STANDARD'),(572,'2020-03-01',14,1,4,'SF-36 (V1) STANDARD'),(573,'2020-03-01',17,1,5,'SF-36 (V1) STANDARD'),(574,'2020-03-01',20,1,6,'SF-36 (V1) STANDARD'),(575,'2020-03-01',23,1,7,'SF-36 (V1) STANDARD'),(576,'2020-03-01',26,1,8,'SF-36 (V1) STANDARD'),(577,'2020-03-01',29,1,9,'SF-36 (V1) STANDARD'),(578,'2020-03-01',32,1,10,'SF-36 (V1) STANDARD'),(579,'2020-03-01',35,1,11,'SF-36 (V1) STANDARD'),(580,'2020-03-01',38,1,12,'SF-36 (V1) STANDARD'),(581,'2020-03-01',41,1,13,'SF-36 (V1) STANDARD'),(582,'2020-03-01',44,1,15,'SF-36 (V1) STANDARD'),(583,'2020-03-01',46,1,16,'SF-36 (V1) STANDARD'),(584,'2020-03-01',48,1,17,'SF-36 (V1) STANDARD'),(585,'2020-03-01',50,1,18,'SF-36 (V1) STANDARD'),(586,'2020-03-01',54,1,20,'SF-36 (V1) STANDARD'),(587,'2020-03-01',52,1,21,'SF-36 (V1) STANDARD'),(588,'2020-03-01',56,1,22,'SF-36 (V1) STANDARD'),(589,'2020-03-01',112,1,23,'SF-36 (V1) STANDARD'),(590,'2020-03-01',117,1,24,'SF-36 (V1) STANDARD'),(591,'2020-03-01',123,1,25,'SF-36 (V1) STANDARD'),(592,'2020-03-01',58,1,27,'SF-36 (V1) STANDARD'),(593,'2020-03-01',64,1,28,'SF-36 (V1) STANDARD'),(594,'2020-03-01',70,1,29,'SF-36 (V1) STANDARD'),(595,'2020-03-01',76,1,30,'SF-36 (V1) STANDARD'),(596,'2020-03-01',82,1,31,'SF-36 (V1) STANDARD'),(597,'2020-03-01',88,1,32,'SF-36 (V1) STANDARD'),(598,'2020-03-01',94,1,33,'SF-36 (V1) STANDARD'),(599,'2020-03-01',100,1,34,'SF-36 (V1) STANDARD'),(600,'2020-03-01',106,1,35,'SF-36 (V1) STANDARD'),(601,'2020-03-01',140,1,36,'SF-36 (V1) STANDARD'),(602,'2020-03-01',145,1,38,'SF-36 (V1) STANDARD'),(603,'2020-03-01',150,1,39,'SF-36 (V1) STANDARD'),(604,'2020-03-01',155,1,40,'SF-36 (V1) STANDARD'),(605,'2020-03-01',160,1,41,'SF-36 (V1) STANDARD'),(606,'2020-02-29',2,2,1,'SF-36 (V1) STANDARD'),(607,'2020-02-29',6,2,2,'SF-36 (V1) STANDARD'),(608,'2020-02-29',14,2,4,'SF-36 (V1) STANDARD'),(609,'2020-02-29',17,2,5,'SF-36 (V1) STANDARD'),(610,'2020-02-29',20,2,6,'SF-36 (V1) STANDARD'),(611,'2020-02-29',23,2,7,'SF-36 (V1) STANDARD'),(612,'2020-02-29',26,2,8,'SF-36 (V1) STANDARD'),(613,'2020-02-29',29,2,9,'SF-36 (V1) STANDARD'),(614,'2020-02-29',32,2,10,'SF-36 (V1) STANDARD'),(615,'2020-02-29',35,2,11,'SF-36 (V1) STANDARD'),(616,'2020-02-29',38,2,12,'SF-36 (V1) STANDARD'),(617,'2020-02-29',41,2,13,'SF-36 (V1) STANDARD'),(618,'2020-02-29',44,2,15,'SF-36 (V1) STANDARD'),(619,'2020-02-29',46,2,16,'SF-36 (V1) STANDARD'),(620,'2020-02-29',48,2,17,'SF-36 (V1) STANDARD'),(621,'2020-02-29',50,2,18,'SF-36 (V1) STANDARD'),(622,'2020-02-29',54,2,20,'SF-36 (V1) STANDARD'),(623,'2020-02-29',52,2,21,'SF-36 (V1) STANDARD'),(624,'2020-02-29',56,2,22,'SF-36 (V1) STANDARD'),(625,'2020-02-29',112,2,23,'SF-36 (V1) STANDARD'),(626,'2020-02-29',117,2,24,'SF-36 (V1) STANDARD'),(627,'2020-02-29',123,2,25,'SF-36 (V1) STANDARD'),(628,'2020-02-29',58,2,27,'SF-36 (V1) STANDARD'),(629,'2020-02-29',64,2,28,'SF-36 (V1) STANDARD'),(630,'2020-02-29',71,2,29,'SF-36 (V1) STANDARD'),(631,'2020-02-29',78,2,30,'SF-36 (V1) STANDARD'),(632,'2020-02-29',83,2,31,'SF-36 (V1) STANDARD'),(633,'2020-02-29',88,2,32,'SF-36 (V1) STANDARD'),(634,'2020-02-29',94,2,33,'SF-36 (V1) STANDARD'),(635,'2020-02-29',100,2,34,'SF-36 (V1) STANDARD'),(636,'2020-02-29',106,2,35,'SF-36 (V1) STANDARD'),(637,'2020-02-29',140,2,36,'SF-36 (V1) STANDARD'),(638,'2020-02-29',145,2,38,'SF-36 (V1) STANDARD'),(639,'2020-02-29',152,2,39,'SF-36 (V1) STANDARD'),(640,'2020-02-29',156,2,40,'SF-36 (V1) STANDARD'),(641,'2020-02-29',160,2,41,'SF-36 (V1) STANDARD'),(644,'2020-03-02',1,3,1,'SF-36 (V1) STANDARD'),(645,'2020-03-02',6,3,2,'SF-36 (V1) STANDARD'),(646,'2020-03-02',14,3,4,'SF-36 (V1) STANDARD'),(647,'2020-03-02',17,3,5,'SF-36 (V1) STANDARD'),(648,'2020-03-02',20,3,6,'SF-36 (V1) STANDARD'),(649,'2020-03-02',23,3,7,'SF-36 (V1) STANDARD'),(650,'2020-03-02',26,3,8,'SF-36 (V1) STANDARD'),(651,'2020-03-02',29,3,9,'SF-36 (V1) STANDARD'),(652,'2020-03-02',32,3,10,'SF-36 (V1) STANDARD'),(653,'2020-03-02',35,3,11,'SF-36 (V1) STANDARD'),(654,'2020-03-02',38,3,12,'SF-36 (V1) STANDARD'),(655,'2020-03-02',41,3,13,'SF-36 (V1) STANDARD'),(656,'2020-03-02',44,3,15,'SF-36 (V1) STANDARD'),(657,'2020-03-02',46,3,16,'SF-36 (V1) STANDARD'),(658,'2020-03-02',48,3,17,'SF-36 (V1) STANDARD'),(659,'2020-03-02',50,3,18,'SF-36 (V1) STANDARD'),(660,'2020-03-02',54,3,20,'SF-36 (V1) STANDARD'),(661,'2020-03-02',52,3,21,'SF-36 (V1) STANDARD'),(662,'2020-03-02',56,3,22,'SF-36 (V1) STANDARD'),(663,'2020-03-02',112,3,23,'SF-36 (V1) STANDARD'),(664,'2020-03-02',117,3,24,'SF-36 (V1) STANDARD'),(665,'2020-03-02',123,3,25,'SF-36 (V1) STANDARD'),(666,'2020-03-02',58,3,27,'SF-36 (V1) STANDARD'),(667,'2020-03-02',64,3,28,'SF-36 (V1) STANDARD'),(668,'2020-03-02',70,3,29,'SF-36 (V1) STANDARD'),(669,'2020-03-02',76,3,30,'SF-36 (V1) STANDARD'),(670,'2020-03-02',82,3,31,'SF-36 (V1) STANDARD'),(671,'2020-03-02',88,3,32,'SF-36 (V1) STANDARD'),(672,'2020-03-02',94,3,33,'SF-36 (V1) STANDARD'),(673,'2020-03-02',100,3,34,'SF-36 (V1) STANDARD'),(674,'2020-03-02',106,3,35,'SF-36 (V1) STANDARD'),(675,'2020-03-02',140,3,36,'SF-36 (V1) STANDARD'),(676,'2020-03-02',145,3,38,'SF-36 (V1) STANDARD'),(677,'2020-03-02',150,3,39,'SF-36 (V1) STANDARD'),(678,'2020-03-02',155,3,40,'SF-36 (V1) STANDARD'),(679,'2020-03-02',160,3,41,'SF-36 (V1) STANDARD'),(680,'2020-02-29',165,1,55,'Psychological Distress Inventory - PDI Versione Maschile'),(681,'2020-02-29',170,1,43,'Psychological Distress Inventory - PDI Versione Maschile'),(682,'2020-02-29',175,1,44,'Psychological Distress Inventory - PDI Versione Maschile'),(683,'2020-02-29',180,1,45,'Psychological Distress Inventory - PDI Versione Maschile'),(684,'2020-02-29',185,1,46,'Psychological Distress Inventory - PDI Versione Maschile'),(685,'2020-02-29',190,1,47,'Psychological Distress Inventory - PDI Versione Maschile'),(686,'2020-02-29',195,1,48,'Psychological Distress Inventory - PDI Versione Maschile'),(687,'2020-02-29',200,1,49,'Psychological Distress Inventory - PDI Versione Maschile'),(688,'2020-02-29',205,1,50,'Psychological Distress Inventory - PDI Versione Maschile'),(689,'2020-02-29',210,1,51,'Psychological Distress Inventory - PDI Versione Maschile'),(690,'2020-02-29',215,1,52,'Psychological Distress Inventory - PDI Versione Maschile'),(691,'2020-02-29',220,1,53,'Psychological Distress Inventory - PDI Versione Maschile'),(692,'2020-02-29',225,1,54,'Psychological Distress Inventory - PDI Versione Maschile'),(758,'2020-03-03',230,4,56,'Psychological Distress Inventory - PDI Versione Femminile'),(759,'2020-03-03',235,4,57,'Psychological Distress Inventory - PDI Versione Femminile'),(760,'2020-03-03',240,4,58,'Psychological Distress Inventory - PDI Versione Femminile'),(761,'2020-03-03',245,4,59,'Psychological Distress Inventory - PDI Versione Femminile'),(762,'2020-03-03',250,4,60,'Psychological Distress Inventory - PDI Versione Femminile'),(763,'2020-03-03',255,4,61,'Psychological Distress Inventory - PDI Versione Femminile'),(764,'2020-03-03',260,4,62,'Psychological Distress Inventory - PDI Versione Femminile'),(765,'2020-03-03',265,4,63,'Psychological Distress Inventory - PDI Versione Femminile'),(766,'2020-03-03',270,4,64,'Psychological Distress Inventory - PDI Versione Femminile'),(767,'2020-03-03',275,4,65,'Psychological Distress Inventory - PDI Versione Femminile'),(768,'2020-03-03',280,4,66,'Psychological Distress Inventory - PDI Versione Femminile'),(769,'2020-03-03',285,4,67,'Psychological Distress Inventory - PDI Versione Femminile'),(770,'2020-03-03',290,4,68,'Psychological Distress Inventory - PDI Versione Femminile'),(859,'2020-03-06',295,2,70,'Need Evaluation Questionnaire - NEQ'),(860,'2020-03-06',297,2,71,'Need Evaluation Questionnaire - NEQ'),(861,'2020-03-06',299,2,72,'Need Evaluation Questionnaire - NEQ'),(862,'2020-03-06',301,2,73,'Need Evaluation Questionnaire - NEQ'),(863,'2020-03-06',303,2,74,'Need Evaluation Questionnaire - NEQ'),(864,'2020-03-06',305,2,75,'Need Evaluation Questionnaire - NEQ'),(865,'2020-03-06',307,2,76,'Need Evaluation Questionnaire - NEQ'),(866,'2020-03-06',309,2,77,'Need Evaluation Questionnaire - NEQ'),(867,'2020-03-06',311,2,78,'Need Evaluation Questionnaire - NEQ'),(868,'2020-03-06',313,2,79,'Need Evaluation Questionnaire - NEQ'),(869,'2020-03-06',315,2,80,'Need Evaluation Questionnaire - NEQ'),(870,'2020-03-06',317,2,81,'Need Evaluation Questionnaire - NEQ'),(871,'2020-03-06',319,2,82,'Need Evaluation Questionnaire - NEQ'),(872,'2020-03-06',321,2,83,'Need Evaluation Questionnaire - NEQ'),(873,'2020-03-06',323,2,84,'Need Evaluation Questionnaire - NEQ'),(874,'2020-03-06',325,2,85,'Need Evaluation Questionnaire - NEQ'),(875,'2020-03-06',327,2,86,'Need Evaluation Questionnaire - NEQ'),(876,'2020-03-06',329,2,87,'Need Evaluation Questionnaire - NEQ'),(877,'2020-03-06',331,2,88,'Need Evaluation Questionnaire - NEQ'),(878,'2020-03-06',333,2,89,'Need Evaluation Questionnaire - NEQ'),(879,'2020-03-06',335,2,90,'Need Evaluation Questionnaire - NEQ'),(880,'2020-03-06',337,2,91,'Need Evaluation Questionnaire - NEQ'),(881,'2020-03-06',341,2,93,'Need Evaluation Questionnaire - NEQ'),(882,'2020-03-04',295,1,70,'Need Evaluation Questionnaire - NEQ'),(883,'2020-03-04',297,1,71,'Need Evaluation Questionnaire - NEQ'),(884,'2020-03-04',299,1,72,'Need Evaluation Questionnaire - NEQ'),(885,'2020-03-04',301,1,73,'Need Evaluation Questionnaire - NEQ'),(886,'2020-03-04',303,1,74,'Need Evaluation Questionnaire - NEQ'),(887,'2020-03-04',305,1,75,'Need Evaluation Questionnaire - NEQ'),(888,'2020-03-04',307,1,76,'Need Evaluation Questionnaire - NEQ'),(889,'2020-03-04',309,1,77,'Need Evaluation Questionnaire - NEQ'),(890,'2020-03-04',311,1,78,'Need Evaluation Questionnaire - NEQ'),(891,'2020-03-04',313,1,79,'Need Evaluation Questionnaire - NEQ'),(892,'2020-03-04',315,1,80,'Need Evaluation Questionnaire - NEQ'),(893,'2020-03-04',317,1,81,'Need Evaluation Questionnaire - NEQ'),(894,'2020-03-04',319,1,82,'Need Evaluation Questionnaire - NEQ'),(895,'2020-03-04',321,1,83,'Need Evaluation Questionnaire - NEQ'),(896,'2020-03-04',323,1,84,'Need Evaluation Questionnaire - NEQ'),(897,'2020-03-04',325,1,85,'Need Evaluation Questionnaire - NEQ'),(898,'2020-03-04',327,1,86,'Need Evaluation Questionnaire - NEQ'),(899,'2020-03-04',329,1,87,'Need Evaluation Questionnaire - NEQ'),(900,'2020-03-04',331,1,88,'Need Evaluation Questionnaire - NEQ'),(901,'2020-03-04',333,1,89,'Need Evaluation Questionnaire - NEQ'),(902,'2020-03-04',335,1,90,'Need Evaluation Questionnaire - NEQ'),(903,'2020-03-04',337,1,91,'Need Evaluation Questionnaire - NEQ'),(904,'2020-03-04',447,1,93,'Need Evaluation Questionnaire - NEQ'),(905,'2020-03-06',380,1,94,'Termometro del Distress'),(906,'2020-03-06',488,1,96,'Termometro del Distress'),(907,'2020-03-06',489,1,100,'Termometro del Distress'),(908,'2020-03-06',490,1,97,'Termometro del Distress'),(909,'2020-03-06',491,1,98,'Termometro del Distress'),(911,'2020-03-06',493,1,99,'Termometro del Distress'),(913,'2020-03-07',380,1,94,'Termometro del Distress'),(914,'2020-03-07',3,1,96,'Termometro del Distress'),(915,'2020-03-07',4,1,96,'Termometro del Distress'),(916,'2020-03-07',2,1,96,'Termometro del Distress'),(917,'2020-03-07',3,1,100,'Termometro del Distress'),(918,'2020-03-07',4,1,100,'Termometro del Distress'),(919,'2020-03-07',7,1,100,'Termometro del Distress'),(920,'2020-03-07',3,1,97,'Termometro del Distress'),(921,'2020-03-07',5,1,97,'Termometro del Distress'),(922,'2020-03-07',4,1,97,'Termometro del Distress'),(923,'2020-03-07',491,1,98,'Termometro del Distress'),(924,'2020-03-07',495,1,101,'Termometro del Distress'),(925,'2020-03-07',3,1,99,'Termometro del Distress'),(926,'2020-03-07',7,1,99,'Termometro del Distress'),(927,'2020-03-07',1,1,99,'Termometro del Distress'),(928,'2020-03-07',496,1,102,'Termometro del Distress'),(929,'2020-03-03',380,1,94,'Termometro del Distress'),(930,'2020-03-03',345,1,96,'Termometro del Distress'),(931,'2020-03-03',347,1,100,'Termometro del Distress'),(932,'2020-03-03',490,1,97,'Termometro del Distress'),(933,'2020-03-03',358,1,98,'Termometro del Distress'),(934,'2020-03-03',497,1,101,'Termometro del Distress'),(935,'2020-03-03',375,1,99,'Termometro del Distress'),(936,'2020-03-03',498,1,102,'Termometro del Distress'),(937,'2020-03-02',380,1,94,'Termometro del Distress'),(938,'2020-03-02',342,1,96,'Termometro del Distress'),(939,'2020-03-02',344,1,96,'Termometro del Distress'),(940,'2020-03-02',348,1,100,'Termometro del Distress'),(941,'2020-03-02',349,1,100,'Termometro del Distress'),(942,'2020-03-02',352,1,97,'Termometro del Distress'),(943,'2020-03-02',354,1,97,'Termometro del Distress'),(944,'2020-03-02',356,1,98,'Termometro del Distress'),(945,'2020-03-02',502,1,101,'Termometro del Distress'),(946,'2020-03-02',367,1,99,'Termometro del Distress'),(947,'2020-03-02',370,1,99,'Termometro del Distress'),(948,'2020-03-02',503,1,102,'Termometro del Distress'),(949,'2020-03-01',380,1,94,'Termometro del Distress'),(950,'2020-03-01',342,1,96,'Termometro del Distress'),(951,'2020-03-01',344,1,96,'Termometro del Distress'),(952,'2020-03-01',348,1,100,'Termometro del Distress'),(953,'2020-03-01',349,1,100,'Termometro del Distress'),(954,'2020-03-01',352,1,97,'Termometro del Distress'),(955,'2020-03-01',354,1,97,'Termometro del Distress'),(956,'2020-03-01',356,1,98,'Termometro del Distress'),(957,'2020-03-01',502,1,101,'Termometro del Distress'),(958,'2020-03-01',367,1,99,'Termometro del Distress'),(959,'2020-03-01',370,1,99,'Termometro del Distress'),(960,'2020-03-01',374,1,99,'Termometro del Distress'),(961,'2020-03-01',504,1,102,'Termometro del Distress'),(962,'2020-03-06',382,4,94,'Termometro del Distress'),(963,'2020-03-06',343,4,96,'Termometro del Distress'),(964,'2020-03-06',344,4,96,'Termometro del Distress'),(965,'2020-03-06',346,4,100,'Termometro del Distress'),(966,'2020-03-06',348,4,100,'Termometro del Distress'),(967,'2020-03-06',352,4,97,'Termometro del Distress'),(968,'2020-03-06',356,4,98,'Termometro del Distress'),(969,'2020-03-06',358,4,98,'Termometro del Distress'),(970,'2020-03-06',505,4,101,'Termometro del Distress'),(971,'2020-03-06',360,4,99,'Termometro del Distress'),(972,'2020-03-06',370,4,99,'Termometro del Distress'),(973,'2020-03-06',503,4,102,'Termometro del Distress');
/*!40000 ALTER TABLE `surveys_patient_survey_question_answer` ENABLE KEYS */;
UNLOCK TABLES;

--
-- Table structure for table `surveys_question`
--

DROP TABLE IF EXISTS `surveys_question`;
/*!40101 SET @saved_cs_client     = @@character_set_client */;
/*!40101 SET character_set_client = utf8 */;
CREATE TABLE `surveys_question` (
  `id` int(11) NOT NULL AUTO_INCREMENT,
  `question_sequence_number` smallint(6) NOT NULL,
  `content` varchar(1000) NOT NULL,
  `survey_id` varchar(100) NOT NULL,
  `type_id` varchar(50) NOT NULL,
  `question_subsequence_number` varchar(1) DEFAULT NULL,
  PRIMARY KEY (`id`),
  KEY `surveys_question_type_id_33983249_fk_surveys_questiontype_value` (`type_id`),
  KEY `surveys_question_survey_id_0f30caa3_fk_surveys_survey_id_survey` (`survey_id`),
  CONSTRAINT `surveys_question_survey_id_0f30caa3_fk_surveys_survey_id_survey` FOREIGN KEY (`survey_id`) REFERENCES `surveys_survey` (`name`),
  CONSTRAINT `surveys_question_type_id_33983249_fk_surveys_questiontype_value` FOREIGN KEY (`type_id`) REFERENCES `surveys_questiontype` (`value`)
) ENGINE=InnoDB AUTO_INCREMENT=146 DEFAULT CHARSET=latin1;
/*!40101 SET character_set_client = @saved_cs_client */;

--
-- Dumping data for table `surveys_question`
--

LOCK TABLES `surveys_question` WRITE;
/*!40000 ALTER TABLE `surveys_question` DISABLE KEYS */;
INSERT INTO `surveys_question` VALUES (1,1,'In generale, direbbe che la Sua salute è: (Indichi un numero)','SF-36 (V1) STANDARD','Single Choice',NULL),(2,2,'Rispetto ad un anno fa, come giudicherebbe, ora, la Sua salute in generale? (Indichi un numero)','SF-36 (V1) STANDARD','Single Choice',NULL),(3,3,'Le seguenti domande riguardano alcune attività che potrebbe svolgere nel corso di una qualsiasi giornata. La Sua salute La limita attualmente nello svolgimento di queste attività? (Indichi per ogni domanda il numero 1, 2, o 3)','SF-36 (V1) STANDARD','Instructions in compound question',NULL),(4,3,'Attività fisicamente impegnative, come correre, sollevare oggetti pesanti, praticare sport faticosi','SF-36 (V1) STANDARD','Single Choice','a'),(5,3,'Attività di moderato impegno fisico, come spostare un tavolo, usare l’aspirapolvere, giocare a bocce o fare un giretto in bicicletta','SF-36 (V1) STANDARD','Single Choice','b'),(6,3,'Sollevare o portare le borse della spesa','SF-36 (V1) STANDARD','Single Choice','c'),(7,3,'Salire qualche piano di scale','SF-36 (V1) STANDARD','Single Choice','d'),(8,3,'Salire un piano di scale','SF-36 (V1) STANDARD','Single Choice','e'),(9,3,'Piegarsi, inginocchiarsi o chinarsi','SF-36 (V1) STANDARD','Single Choice','f'),(10,3,'Camminare per un chilometro','SF-36 (V1) STANDARD','Single Choice','g'),(11,3,'Camminare per qualche centinaia di metri','SF-36 (V1) STANDARD','Single Choice','h'),(12,3,'Camminare per circa cento metri','SF-36 (V1) STANDARD','Single Choice','i'),(13,3,'Fare il bagno o vestirsi da soli','SF-36 (V1) STANDARD','Single Choice','l'),(14,4,'Nelle ultime 4 settimane, ha riscontrato i seguenti problemi sul lavoro o nelle altre attività quotidiane, a causa della Sua salute fisica? Risponda SI o NO a ciascuna domanda (Indichi per ogni domanda il numero 1 o 2)','SF-36 (V1) STANDARD','Instructions in compound question',NULL),(15,4,'Ha ridotto il tempo dedicato al lavoro o ad altre attività','SF-36 (V1) STANDARD','Single Choice','a'),(16,4,'Ha reso meno di quanto avrebbe voluto','SF-36 (V1) STANDARD','Single Choice','b'),(17,4,'Ha dovuto limitare alcuni tipi di lavoro o di altre attività','SF-36 (V1) STANDARD','Single Choice','c'),(18,4,'Ha avuto difficoltà nell’eseguire il lavoro o altre attività (ad esempio, ha fatto più fatica)','SF-36 (V1) STANDARD','Single Choice','d'),(19,5,'Nelle ultime 4 settimane, ha riscontrato i seguenti problemi sul lavoro o nelle altre attività, a causa del Suo stato emotivo (quale il sentirsi depresso o ansioso)? Risponda SI o NO a ciascuna domanda (Indichi per ogni domanda il numero 1 o 2)','SF-36 (V1) STANDARD','Instructions in compound question',NULL),(20,5,'Ha ridotto il tempo dedicato al lavoro o ad altre attività','SF-36 (V1) STANDARD','Single Choice','a'),(21,5,'Ha reso meno di quanto avrebbe voluto','SF-36 (V1) STANDARD','Single Choice','b'),(22,5,'Ha avuto un calo di concentrazione sul lavoro o in altre attività','SF-36 (V1) STANDARD','Single Choice','c'),(23,6,'Nelle ultime 4 settimane, in che misura la Sua salute fisica o il Suoi stato emotivo hanno interferito con le normali attività sociali con la famiglia, gli amici, i vicini di casa, i gruppi di cui fa parte? (Indichi un numero)','SF-36 (V1) STANDARD','Single Choice',NULL),(24,7,'Quanto dolore fisico ha provato nelle ultime 4 settimane? (Indichi un numero)','SF-36 (V1) STANDARD','Single Choice',NULL),(25,8,'Nelle ultime 4 settimane, in che misura il dolore L’ha ostacolata nel lavoro che svolge abitualmente (sia in casa sia fuori casa)?  (Indichi un numero)','SF-36 (V1) STANDARD','Single Choice',NULL),(26,9,'Le seguenti domande si riferiscono a come si è sentito nelle ultime 4 settimane. Risponda a ciascuna domanda scegliendo la risposta che più si avvicina al Suo caso. Per quanto tempo nelle ultime 4 settimane si è sentito… (Indichi un numero per ogni domanda)','SF-36 (V1) STANDARD','Instructions in compound question',NULL),(27,9,'vivace brillante?','SF-36 (V1) STANDARD','Single Choice','a'),(28,9,'molto agitato?','SF-36 (V1) STANDARD','Single Choice','b'),(29,9,'così giù di morale che niente avrebbe potuto tirarLa su?','SF-36 (V1) STANDARD','Single Choice','c'),(30,9,'calmo e sereno?','SF-36 (V1) STANDARD','Single Choice','d'),(31,9,'pieno di energia?','SF-36 (V1) STANDARD','Single Choice','e'),(32,9,'scoraggiato e triste?','SF-36 (V1) STANDARD','Single Choice','f'),(33,9,'sfinito?','SF-36 (V1) STANDARD','Single Choice','g'),(34,9,'felice?','SF-36 (V1) STANDARD','Single Choice','h'),(35,9,'stanco?','SF-36 (V1) STANDARD','Single Choice','i'),(36,10,'Nelle ultime 4 settimane, per quanto tempo la Sua salute fisica o il Suo stato emotivo hanno interferito nelle Sue attività sociali, in famiglia, con gli amici? (Indichi un numero)','SF-36 (V1) STANDARD','Single Choice',NULL),(37,11,'Scelga la risposta che meglio descrive quanto siano VERE o FALSE le seguenti affermazioni. (Indichi un numero per ogni affermazione)','SF-36 (V1) STANDARD','Instructions in compound question',NULL),(38,11,'Mi pare di ammalarmi un po’ più facilmente degli altri','SF-36 (V1) STANDARD','Single Choice','a'),(39,11,'La mia salute è come quella degli altri','SF-36 (V1) STANDARD','Single Choice','b'),(40,11,'Mi aspetto che la mia salute andrà peggiorando','SF-36 (V1) STANDARD','Single Choice','c'),(41,11,'Godo di ottima salute','SF-36 (V1) STANDARD','Single Choice','d'),(42,0,'Nel corso dell\'ultima settimana:','Psychological Distress Inventory - PDI Versione Maschile','Instructions in compound question',NULL),(43,2,'Si è sentito tranquillo?','Psychological Distress Inventory - PDI Versione Maschile','Single Choice',NULL),(44,3,'Ha avuto momenti di ansia, di tensione interna?','Psychological Distress Inventory - PDI Versione Maschile','Single Choice',NULL),(45,4,'Si è sentito stanco, senza energia?','Psychological Distress Inventory - PDI Versione Maschile','Single Choice',NULL),(46,5,'Si è sentito più solo?','Psychological Distress Inventory - PDI Versione Maschile','Single Choice',NULL),(47,6,'Si è sentito meglio?','Psychological Distress Inventory - PDI Versione Maschile','Single Choice',NULL),(48,7,'Ha avuto momenti di sconforto o depressione?','Psychological Distress Inventory - PDI Versione Maschile','Single Choice',NULL),(49,8,'Pensa che la sua malattia possa averle creato problemi di immagine fisica che prima non c\'erano?','Psychological Distress Inventory - PDI Versione Maschile','Single Choice',NULL),(50,9,'Si è sentito senza valore?','Psychological Distress Inventory - PDI Versione Maschile','Single Choice',NULL),(51,10,'Si è sentito senza volontà?','Psychological Distress Inventory - PDI Versione Maschile','Single Choice',NULL),(52,11,'L\'interesse per il mondo che la circonda è diminuito?','Psychological Distress Inventory - PDI Versione Maschile','Single Choice',NULL),(53,12,'Le è sembrato che il suo desiderio sessuale sia diminuito?','Psychological Distress Inventory - PDI Versione Maschile','Single Choice',NULL),(54,13,'La sua malattia ha influenzato negativamente le sue relazioni con gli altri?','Psychological Distress Inventory - PDI Versione Maschile','Single Choice',NULL),(55,1,'Pensa che la sua voglia di parlare con gli altri sia diminuita?','Psychological Distress Inventory - PDI Versione Maschile','Single Choice',NULL),(56,1,'Pensa che la sua voglia di parlare con gli altri sia diminuita?','Psychological Distress Inventory - PDI Versione Femminile','Single Choice',NULL),(57,2,'Si è sentita tranquilla?','Psychological Distress Inventory - PDI Versione Femminile','Single Choice',NULL),(58,3,'Ha avuto momenti di ansia, di tensione interna?','Psychological Distress Inventory - PDI Versione Femminile','Single Choice',NULL),(59,4,'Si è sentita stanca, senza energia?','Psychological Distress Inventory - PDI Versione Femminile','Single Choice',NULL),(60,5,'Si è sentita più sola?','Psychological Distress Inventory - PDI Versione Femminile','Single Choice',NULL),(61,6,'Si è sentita meglio?','Psychological Distress Inventory - PDI Versione Femminile','Single Choice',NULL),(62,7,'Ha avuto momenti di sconforto o depressione?','Psychological Distress Inventory - PDI Versione Femminile','Single Choice',NULL),(63,8,'Pensa che la sua malattia possa averle creato problemi di immagine fisica che prima non c\'erano?','Psychological Distress Inventory - PDI Versione Femminile','Single Choice',NULL),(64,9,'Si è sentita senza valore?','Psychological Distress Inventory - PDI Versione Femminile','Single Choice',NULL),(65,10,'Si è sentita senza volontà?','Psychological Distress Inventory - PDI Versione Femminile','Single Choice',NULL),(66,11,'L\'interesse per il mondo che la circonda è diminuito?','Psychological Distress Inventory - PDI Versione Femminile','Single Choice',NULL),(67,12,'Le è sembrato che il suo desiderio sessuale sia diminuito?','Psychological Distress Inventory - PDI Versione Femminile','Single Choice',NULL),(68,13,'La sua malattia ha influenzato negativamente le sue relazioni con gli altri?','Psychological Distress Inventory - PDI Versione Femminile','Single Choice',NULL),(69,0,'Nel corso dell\'ultima settimana:','Psychological Distress Inventory - PDI Versione Femminile','Instructions in compound question',NULL),(70,1,'“Ho bisogno di avere maggiori informazioni sulla mia diagnosi”','Need Evaluation Questionnaire - NEQ','Single Choice',NULL),(71,2,'“Ho bisogno di avere maggiori informazioni sulle mie condizioni future”','Need Evaluation Questionnaire - NEQ','Single Choice',NULL),(72,3,'“Ho bisogno di avere maggiori informazioni sugli esami che mi stanno facendo”','Need Evaluation Questionnaire - NEQ','Single Choice',NULL),(73,4,'“Ho bisogno di avere maggiori spiegazioni sui trattamenti”','Need Evaluation Questionnaire - NEQ','Single Choice',NULL),(74,5,'“Ho bisogno di essere più coinvolto nelle scelte terapeutiche”','Need Evaluation Questionnaire - NEQ','Single Choice',NULL),(75,6,'“Ho bisogno che i medici e gli infermieri mi diano informazioni più comprensibili”','Need Evaluation Questionnaire - NEQ','Single Choice',NULL),(76,7,'“Ho bisogno che i medici siano più sinceri con me”','Need Evaluation Questionnaire - NEQ','Single Choice',NULL),(77,8,'“Ho bisogno di avere un dialogo maggiore con i medici”','Need Evaluation Questionnaire - NEQ','Single Choice',NULL),(78,9,'“Ho bisogno che alcuni dei miei disturbi (dolore, nausea, insonnia, ecc.) siano maggiormente controllati”','Need Evaluation Questionnaire - NEQ','Single Choice',NULL),(79,10,'“Ho bisogno di maggiore aiuto per mangiare, vestirmi ed andare in bagno”','Need Evaluation Questionnaire - NEQ','Single Choice',NULL),(80,11,'“Ho bisogno di maggiore rispetto della mia intimità”','Need Evaluation Questionnaire - NEQ','Single Choice',NULL),(81,12,'“Ho bisogno di maggiore attenzione da parte del personale infermieristico”','Need Evaluation Questionnaire - NEQ','Single Choice',NULL),(82,13,'“Ho bisogno di essere più rassicurato dai medici”','Need Evaluation Questionnaire - NEQ','Single Choice',NULL),(83,14,'“Ho bisogno di avere maggiori informazioni economico-assicurative legate alla mia malattia (ticket, invalidità, ecc.)”','Need Evaluation Questionnaire - NEQ','Single Choice',NULL),(84,15,'“Ho bisogno di un aiuto economico”','Need Evaluation Questionnaire - NEQ','Single Choice',NULL),(85,16,'“Ho bisogno di parlare con uno psicologo”','Need Evaluation Questionnaire - NEQ','Single Choice',NULL),(86,17,'“Ho bisogno di parlare con un assistente spirituale”','Need Evaluation Questionnaire - NEQ','Single Choice',NULL),(87,18,'“Ho bisogno di parlare con persone che hanno avuto la mia stessa esperienza”','Need Evaluation Questionnaire - NEQ','Single Choice',NULL),(88,19,'“Ho bisogno di essere maggiormente rassicurato dai miei famigliari”','Need Evaluation Questionnaire - NEQ','Single Choice',NULL),(89,20,'“Ho bisogno di sentirmi maggiormente utile in famiglia”','Need Evaluation Questionnaire - NEQ','Single Choice',NULL),(90,21,'“Ho bisogno di sentirmi meno abbandonato a me stesso”','Need Evaluation Questionnaire - NEQ','Single Choice',NULL),(91,22,'“Ho bisogno di essere meno commiserato dagli altri”','Need Evaluation Questionnaire - NEQ','Single Choice',NULL),(93,23,'In questo momento il mio bisogno principale è:','Need Evaluation Questionnaire - NEQ','Alphanumerical Input',NULL),(94,1,'Istruzioni: La prego di cerchiare il numero che meglio descrive la quantità di disagio che ha provato nell\'ultima settimana oggi compreso. L\'estrema sinistra rappresenta Nessun Disagio(0), l\'estrema destra rappresenta Massimo Disagio(10).','Termometro del Distress','Range Input [0-10]',NULL),(95,2,'La prego di indicare se qualcuna delle seguenti voci è stata causa di disagio nell\'ultima settimana oggi compreso','Termometro del Distress','Instructions in compound question',NULL),(96,3,'Aspetti Pratici','Termometro del Distress','Multiple Choice',NULL),(97,5,'Aspetti Emozionali','Termometro del Distress','Multiple Choice',NULL),(98,6,'Aspetti Spirituali','Termometro del Distress','Multiple Choice',NULL),(99,8,'Problemi Fisici','Termometro del Distress','Multiple Choice',NULL),(100,4,'Aspetti Relazionali','Termometro del Distress','Multiple Choice',NULL),(101,7,'Altri bisogni spirituali:','Termometro del Distress','Alphanumerical Input',NULL),(102,9,'Altri disagi fisici:','Termometro del Distress','Alphanumerical Input',NULL),(103,1,'Sono preoccupato per la malattia del mio congiunto','Family Strain Questionnaire - Short Form','Single Choice',NULL),(104,2,'Mi sento impotente di fronte alla malattia','Family Strain Questionnaire - Short Form','Single Choice',NULL),(105,3,'Sento il bisogno di avere consigli su come assistere il mio congiunto','Family Strain Questionnaire - Short Form','Single Choice',NULL),(106,4,'A volte mi capita di pensare alla morte del mio congiunto','Family Strain Questionnaire - Short Form','Single Choice',NULL),(107,5,'Penso sempre a come andranno a finire le cose','Family Strain Questionnaire - Short Form','Single Choice',NULL),(108,6,'Ho troppe cose a cui pensare','Family Strain Questionnaire - Short Form','Single Choice',NULL),(109,7,'Vorrei sapere con più precisione quali cure si stanno prestando al mio congiunto','Family Strain Questionnaire - Short Form','Single Choice',NULL),(110,8,'Vorrei controllare di più le mie emozioni','Family Strain Questionnaire - Short Form','Single Choice',NULL),(111,9,'In questo periodo mi sento molto in ansia per il futuro','Family Strain Questionnaire - Short Form','Single Choice',NULL),(112,10,'Ho spesso disturbi quali insonnia, difficoltà digestive, mal di testa, stanchezza','Family Strain Questionnaire - Short Form','Single Choice',NULL),(113,11,'In questo periodo mi sento molto stressato','Family Strain Questionnaire - Short Form','Single Choice',NULL),(114,12,'Avrei bisogno di parlare delle cose che non vanno con un esperto(medico, psicologo, eccetera)','Family Strain Questionnaire - Short Form','Single Choice',NULL),(115,13,'Vorrei avere più tempo da dedicare a me stesso','Family Strain Questionnaire - Short Form','Single Choice',NULL),(116,14,'La malattia del mio congiunto mi provoca stanchezza','Family Strain Questionnaire - Short Form','Single Choice',NULL),(117,15,'In questo periodo ho poca voglia di uscire','Family Strain Questionnaire - Short Form','Single Choice',NULL),(118,16,'Ho l\'impressione di non riuscire a far fronte a tutti i miei problemi','Family Strain Questionnaire - Short Form','Single Choice',NULL),(119,17,'Mi sento in colpa quando lascio il mio congiunto solo o con qualcun altro','Family Strain Questionnaire - Short Form','Single Choice',NULL),(120,18,'Ho poco tempo da dedicare agli altri familiari','Family Strain Questionnaire - Short Form','Single Choice',NULL),(121,19,'Frequento meno parenti e amici per via della malattia','Family Strain Questionnaire - Short Form','Single Choice',NULL),(122,20,'Talvolta mi è difficile contenere la rabbia','Family Strain Questionnaire - Short Form','Single Choice',NULL),(123,21,'Sono pessimista per il futuro','Family Strain Questionnaire - Short Form','Single Choice',NULL),(124,22,'Non so se riuscirò a superare tutte le difficoltà di questo periodo','Family Strain Questionnaire - Short Form','Single Choice',NULL),(125,23,'Ho abbandonato la maggior parte dei miei interessi personali','Family Strain Questionnaire - Short Form','Single Choice',NULL),(126,24,'Sono molto ansioso di fronte al mio congunto','Family Strain Questionnaire - Short Form','Single Choice',NULL),(127,25,'Talvolta ho l\'impressione di aver perso il mio congiunto','Family Strain Questionnaire - Short Form','Single Choice',NULL),(128,26,'A volte mi sento irritato dalle continue richieste del mio congiunto','Family Strain Questionnaire - Short Form','Single Choice',NULL),(129,27,'A volte i rapporti con i medici sono per me fonte di stress','Family Strain Questionnaire - Short Form','Single Choice',NULL),(130,28,'Nessuno capisce il peso che porto','Family Strain Questionnaire - Short Form','Single Choice',NULL),(131,29,'Vorrei parlare della possibile perdita del mio congiunto','Family Strain Questionnaire - Short Form','Single Choice',NULL),(132,30,'In caso di bisogno non posso fare affidamento su qualcuno della famiglia','Family Strain Questionnaire - Short Form','Single Choice',NULL),(133,0,'VALUTAZIONE INIZIALE DELL’ADEGUATEZZA DEL CANDIDATO','PACT','Instructions in compound question',NULL),(134,1,'SUPPORTO SOCIALE','PACT','Instructions in compound question',NULL),(135,1,'Stabilità familiare e delle relazioni sociali','PACT','Single Choice','a'),(136,1,'Disponibilità del supporto familiare e relazionale','PACT','Single Choice','b'),(137,2,'BENESSERE PSICOLOGICO','PACT','Instructions in compound question',NULL),(138,2,'Psicopatologia, fattori stabili di personalità','PACT','Single Choice','a'),(139,2,'Rischio di psicopatologia','PACT','Single Choice','b'),(140,3,'CARATTERISTICHE DELLO STILE DI VITA','PACT','Instructions in compound question',NULL),(141,3,'Stile di vita sano. Capacità di sostenere i cambiamenti di stile di vita','PACT','Single Choice','a'),(142,3,'Uso di droghe ed alcool','PACT','Single Choice','b'),(143,3,'Compliance alle terapie e alle prescrizioni/indicazioni mediche','PACT','Single Choice','c'),(144,4,'COMPRENSIONE DEL TRAPIANTO E DEL FOLLOW UP','PACT','Instructions in compound question',NULL),(145,4,'Conoscenza pertinente e disponibilità ad apprendere','PACT','Single Choice','a');
/*!40000 ALTER TABLE `surveys_question` ENABLE KEYS */;
UNLOCK TABLES;

--
-- Table structure for table `surveys_questiontype`
--

DROP TABLE IF EXISTS `surveys_questiontype`;
/*!40101 SET @saved_cs_client     = @@character_set_client */;
/*!40101 SET character_set_client = utf8 */;
CREATE TABLE `surveys_questiontype` (
  `value` varchar(50) NOT NULL,
  PRIMARY KEY (`value`)
) ENGINE=InnoDB DEFAULT CHARSET=latin1;
/*!40101 SET character_set_client = @saved_cs_client */;

--
-- Dumping data for table `surveys_questiontype`
--

LOCK TABLES `surveys_questiontype` WRITE;
/*!40000 ALTER TABLE `surveys_questiontype` DISABLE KEYS */;
INSERT INTO `surveys_questiontype` VALUES ('Alphanumerical Input'),('Instructions in compound question'),('Multiple Choice'),('Range Input [0-10]'),('Single Choice');
/*!40000 ALTER TABLE `surveys_questiontype` ENABLE KEYS */;
UNLOCK TABLES;

--
-- Table structure for table `surveys_survey`
--

DROP TABLE IF EXISTS `surveys_survey`;
/*!40101 SET @saved_cs_client     = @@character_set_client */;
/*!40101 SET character_set_client = utf8 */;
CREATE TABLE `surveys_survey` (
  `name` varchar(100) NOT NULL,
  `short_name` varchar(50) DEFAULT NULL,
  `description` longtext,
  `patient_survey` tinyint(1) NOT NULL,
  PRIMARY KEY (`name`)
) ENGINE=InnoDB DEFAULT CHARSET=latin1;
/*!40101 SET character_set_client = @saved_cs_client */;

--
-- Dumping data for table `surveys_survey`
--

LOCK TABLES `surveys_survey` WRITE;
/*!40000 ALTER TABLE `surveys_survey` DISABLE KEYS */;
INSERT INTO `surveys_survey` VALUES ('Family Strain Questionnaire - Short Form','FSQ - SF','Sono qui di seguito riportate alcune frasi abitualmente usate da membri di alcune famiglie che, come Lei, hanno un congiunto affetto da una malattia importante.\r\nPer favore, metta una crocetta su \"Sì\" se pensa che la frase rifletta la sua situazione, altrimenti metta la crocetta su \"No\".',0),('Need Evaluation Questionnaire - NEQ','NEQ','Il seguente questionario riporta un elenco di bisogni, legati alla condizione di salute che alcune persone\r\nhanno detto di avere. Le chiediamo di mettere una croce sul SI per i bisogni che Lei ritiene di avere in\r\nquesto momento e sul NO per i bisogni che pensa di non avere.',1),('PACT',NULL,'Valutazione psico-sociale dei candidati al trapianto',1),('Psychological Distress Inventory - PDI Versione Femminile','PDI - Versione Femminile','Sono qui di seguito riportate alcune domande.\r\nLe sue risposte ci aiuteranno a capire meglio come si è\r\nsentita in questo ultimo periodo.\r\nLa preghiamo di leggere attentamente una domanda\r\nalla volta e di scegliere la risposta che le sembra\r\nmeglio descrivere la sua situazione dellíultima\r\nsettimana.\r\nLe sue risposte sono coperte dal segreto\r\nprofessionale.\r\nGrazie.',1),('Psychological Distress Inventory - PDI Versione Maschile','PDI - Versione Maschile','Sono qui di seguito riportate alcune domande.\r\nLe sue risposte ci aiuteranno a capire meglio come si è\r\nsentito in questo ultimo periodo.\r\nLa preghiamo di leggere attentamente una domanda\r\nalla volta e di scegliere la risposta che le sembra\r\nmeglio descrivere la sua situazione dellíultima\r\nsettimana.\r\nLe sue risposte sono coperte dal segreto\r\nprofessionale.\r\nGrazie.',1),('SF-36 (V1) STANDARD',NULL,'Questo questionario intende valutare cosa Lei pensa della Sua salute. Le\r\ninformazioni raccolte permetteranno di essere sempre aggiornati su come si sente e su come riesce a\r\nsvolgere le Sue attività consuete.\r\nRisponda a ciascuna domanda del questionario indicando la Sua risposta come mostrato di volta in\r\nvolta. Se non si sente certo della risposta, effettui la scelta che comunque Le sembra migliore.',1),('Termometro del Distress',NULL,'Screening per la misurazione del disagio',1);
/*!40000 ALTER TABLE `surveys_survey` ENABLE KEYS */;
UNLOCK TABLES;

--
-- Table structure for table `surveys_transplanttype`
--

DROP TABLE IF EXISTS `surveys_transplanttype`;
/*!40101 SET @saved_cs_client     = @@character_set_client */;
/*!40101 SET character_set_client = utf8 */;
CREATE TABLE `surveys_transplanttype` (
  `value` varchar(50) NOT NULL,
  PRIMARY KEY (`value`)
) ENGINE=InnoDB DEFAULT CHARSET=latin1;
/*!40101 SET character_set_client = @saved_cs_client */;

--
-- Dumping data for table `surveys_transplanttype`
--

LOCK TABLES `surveys_transplanttype` WRITE;
/*!40000 ALTER TABLE `surveys_transplanttype` DISABLE KEYS */;
INSERT INTO `surveys_transplanttype` VALUES ('HAPLO'),('MRD'),('MUD');
/*!40000 ALTER TABLE `surveys_transplanttype` ENABLE KEYS */;
UNLOCK TABLES;
/*!40103 SET TIME_ZONE=@OLD_TIME_ZONE */;

/*!40101 SET SQL_MODE=@OLD_SQL_MODE */;
/*!40014 SET FOREIGN_KEY_CHECKS=@OLD_FOREIGN_KEY_CHECKS */;
/*!40014 SET UNIQUE_CHECKS=@OLD_UNIQUE_CHECKS */;
/*!40101 SET CHARACTER_SET_CLIENT=@OLD_CHARACTER_SET_CLIENT */;
/*!40101 SET CHARACTER_SET_RESULTS=@OLD_CHARACTER_SET_RESULTS */;
/*!40101 SET COLLATION_CONNECTION=@OLD_COLLATION_CONNECTION */;
/*!40111 SET SQL_NOTES=@OLD_SQL_NOTES */;

-- Dump completed on 2020-03-07  0:40:32
